datetime,solar_power_mw
2018-01-02 14:00:00,0.00017083834
2018-01-07 17:00:00,3.3788052e-05
2018-01-08 13:00:00,0.000111627385
2018-01-08 23:00:00,-5.1271105e-08
2018-01-09 12:00:00,0.00014517411
2018-01-12 01:00:00,-5.621554e-08
2018-01-14 02:00:00,-6.088241e-08
2018-01-14 09:00:00,6.594331e-05
2018-01-14 11:00:00,0.00012910854
2018-01-14 19:00:00,-6.257407e-08
2018-01-16 05:00:00,-5.7148892e-08
2018-01-16 11:00:00,8.078334e-05
2018-01-17 08:00:00,6.404386e-06
2018-01-18 13:00:00,0.00020205246
2018-01-20 07:00:00,-4.559243e-08
2018-01-21 11:00:00,0.00018039957
2018-01-21 18:00:00,-5.469157e-08
2018-01-23 11:00:00,0.00017942628
2018-01-24 19:00:00,-4.5688665e-08
2018-01-25 22:00:00,-4.5442626e-08
2018-01-30 03:00:00,-5.9866466e-08
2018-02-02 17:00:00,4.9813643e-05
2018-02-03 08:00:00,1.7141918e-05
2018-02-04 13:00:00,0.00022794725
2018-02-05 11:00:00,0.00018927586
2018-02-11 00:00:00,-5.4224444e-08
2018-02-11 08:00:00,2.0978656e-05
2018-02-12 18:00:00,1.1398116e-05
2018-02-14 16:00:00,3.1167747e-05
2018-02-14 23:00:00,-4.99895e-08
2018-02-16 05:00:00,-6.943194e-08
2018-02-17 06:00:00,-5.726683e-08
2018-02-18 02:00:00,-4.7116337e-08
2018-02-20 10:00:00,0.00016975473
2018-02-20 23:00:00,-3.8802785e-08
2018-02-21 08:00:00,3.5506433e-05
2018-02-21 11:00:00,0.00021708991
2018-02-21 22:00:00,-3.8414758e-08
2018-02-22 05:00:00,-5.126083e-08
2018-02-22 11:00:00,0.00021711686
2018-02-22 13:00:00,0.0002574933
2018-02-23 23:00:00,-4.580296e-08
2018-02-26 13:00:00,0.00027001847
2018-02-27 21:00:00,-4.966774e-08
2018-02-28 05:00:00,-5.521556e-08
2018-03-01 08:00:00,4.5702993e-05
2018-03-03 14:00:00,0.00025437897
2018-03-03 21:00:00,-5.5384117e-08
2018-03-04 23:00:00,-5.2226497e-08
2018-03-06 03:00:00,-4.6569838e-08
2018-03-06 08:00:00,2.5519998e-05
2018-03-06 12:00:00,0.0002741251
2018-03-07 04:00:00,-4.51717e-08
2018-03-07 22:00:00,-3.6165076e-08
2018-03-08 00:00:00,-4.4866304e-08
2018-03-09 23:00:00,-5.776956e-08
2018-03-10 21:00:00,-4.4302325e-08
2018-03-11 21:00:00,-5.9396278e-08
2018-03-11 22:00:00,-5.3386493e-08
2018-03-12 08:00:00,5.9053433e-05
2018-03-13 04:00:00,-6.1083426e-08
2018-03-13 12:00:00,0.00016525909
2018-03-14 09:00:00,0.00013622969
2018-03-14 14:00:00,0.00026573645
2018-03-14 18:00:00,3.3487286e-05
2018-03-16 09:00:00,7.6006974e-05
2018-03-18 07:00:00,8.599772e-06
2018-03-18 09:00:00,0.0001460266
2018-03-20 10:00:00,0.0002077961
2018-03-21 03:00:00,-5.296505e-08
2018-03-21 12:00:00,0.00023074678
2018-03-21 14:00:00,0.00027091903
2018-03-21 20:00:00,-5.9543872e-08
2018-03-23 02:00:00,-5.17807e-08
2018-03-23 12:00:00,0.00029293692
2018-03-23 13:00:00,0.00029892375
2018-03-25 11:00:00,0.0002194066
2018-03-26 02:00:00,-4.91851e-08
2018-03-26 13:00:00,0.00030247218
2018-03-27 08:00:00,8.303108e-05
2018-03-27 18:00:00,4.4741217e-05
2018-03-30 17:00:00,0.000120870005
2018-03-31 14:00:00,0.0002842244
2018-04-01 11:00:00,0.00027066117
2018-04-01 21:00:00,-4.8519016e-08
2018-04-01 22:00:00,-5.225405e-08
2018-04-04 07:00:00,2.55172e-05
2018-04-06 13:00:00,0.00023648172
2018-04-06 17:00:00,0.00011830633
2018-04-07 19:00:00,-4.1781416e-08
2018-04-07 21:00:00,-4.077551e-08
2018-04-09 20:00:00,-4.559582e-08
2018-04-10 18:00:00,5.7208228e-05
2018-04-10 22:00:00,-4.391616e-08
2018-04-11 04:00:00,-6.162538e-08
2018-04-11 20:00:00,-6.2181165e-08
2018-04-12 08:00:00,3.1610965e-05
2018-04-12 21:00:00,-4.5353897e-08
2018-04-13 11:00:00,0.00028600686
2018-04-14 03:00:00,-5.020028e-08
2018-04-16 00:00:00,-5.2193172e-08
2018-04-16 10:00:00,4.5718203e-05
2018-04-19 04:00:00,-5.2726968e-08
2018-04-20 05:00:00,-5.6279983e-08
2018-04-20 23:00:00,-6.367312e-08
2018-04-21 01:00:00,-6.364782e-08
2018-04-23 22:00:00,-5.871535e-08
2018-04-23 23:00:00,-6.496375e-08
2018-04-24 01:00:00,-5.253181e-08
2018-04-24 02:00:00,-5.225216e-08
2018-04-25 17:00:00,0.00013867649
2018-04-26 07:00:00,2.1631147e-05
2018-04-26 21:00:00,-4.8990458e-08
2018-04-26 23:00:00,-5.183224e-08
2018-04-29 18:00:00,6.679605e-05
2018-05-01 20:00:00,-5.366707e-08
2018-05-03 04:00:00,-4.4967607e-08
2018-05-03 12:00:00,0.00032334935
2018-05-06 07:00:00,6.2972635e-05
2018-05-07 01:00:00,-6.0611505e-08
2018-05-08 13:00:00,0.00033045182
2018-05-12 11:00:00,0.00030185893
2018-05-15 06:00:00,9.521116e-06
2018-05-17 08:00:00,0.00014108812
2018-05-17 13:00:00,0.00033577194
2018-05-17 20:00:00,-4.511865e-08
2018-05-18 01:00:00,-5.0705523e-08
2018-05-18 07:00:00,6.89751e-05
2018-05-21 15:00:00,0.0002680153
2018-05-21 21:00:00,-4.9623843e-08
2018-05-23 11:00:00,0.00029953883
2018-05-26 03:00:00,-4.8189133e-08
2018-05-26 20:00:00,-5.135132e-08
2018-05-27 11:00:00,0.00030839376
2018-05-28 14:00:00,0.00030695403
2018-05-31 18:00:00,8.825975e-05
2018-06-03 08:00:00,0.0001448575
2018-06-06 07:00:00,7.21909e-05
2018-06-09 02:00:00,-5.4742443e-08
2018-06-09 04:00:00,-5.3496766e-08
2018-06-09 14:00:00,0.00031866002
2018-06-10 15:00:00,0.00028471038
2018-06-12 16:00:00,0.00022338373
2018-06-16 18:00:00,5.5586897e-05
2018-06-16 22:00:00,-5.6306703e-08
2018-06-17 11:00:00,0.00030501946
2018-06-17 17:00:00,0.00016366818
2018-06-21 08:00:00,0.00014353398
2018-06-23 04:00:00,-5.190966e-08
2018-06-23 05:00:00,-5.1621605e-08
2018-06-24 16:00:00,0.00023360476
2018-06-26 06:00:00,1.4010093e-05
2018-06-27 23:00:00,-5.590675e-08
2018-06-29 05:00:00,-5.711124e-08
2018-06-30 10:00:00,0.00026359825
2018-07-03 19:00:00,3.2539818e-05
2018-07-04 04:00:00,-5.8241053e-08
2018-07-04 15:00:00,0.00027944602
2018-07-04 16:00:00,0.00022870064
2018-07-06 09:00:00,0.00018420328
2018-07-07 06:00:00,7.5743037e-06
2018-07-08 13:00:00,0.00030656866
2018-07-09 10:00:00,0.00024161732
2018-07-10 19:00:00,2.8348697e-05
2018-07-13 05:00:00,-5.3180738e-08
2018-07-17 07:00:00,1.2845736e-06
2018-07-18 07:00:00,7.210397e-06
2018-07-19 00:00:00,-4.3086104e-08
2018-07-19 11:00:00,0.00028189944
2018-07-19 13:00:00,0.0003104153
2018-07-21 06:00:00,2.2518898e-06
2018-07-21 08:00:00,4.412645e-05
2018-07-22 02:00:00,-4.66923e-08
2018-07-24 14:00:00,0.00029902253
2018-07-24 15:00:00,0.00026600168
2018-07-25 04:00:00,-4.773349e-08
2018-07-25 06:00:00,4.125806e-06
2018-07-25 19:00:00,2.517603e-05
2018-07-26 04:00:00,-4.516499e-08
2018-07-26 05:00:00,-4.528953e-08
2018-07-28 12:00:00,0.00029800952
2018-07-29 06:00:00,1.9138236e-06
2018-07-29 20:00:00,-4.6718093e-08
2018-07-30 06:00:00,3.476603e-06
2018-07-31 15:00:00,0.00022282609
2018-08-01 07:00:00,4.7226433e-05
2018-08-01 15:00:00,0.00025545128
2018-08-02 00:00:00,-4.5314387e-08
2018-08-02 05:00:00,-4.338173e-08
2018-08-02 06:00:00,-4.4696755e-08
2018-08-03 02:00:00,-3.879776e-08
2018-08-03 14:00:00,0.00029428536
2018-08-05 04:00:00,-4.2905413e-08
2018-08-05 12:00:00,0.00031150292
2018-08-05 15:00:00,0.0002607885
2018-08-07 04:00:00,-4.14767e-08
2018-08-09 21:00:00,-4.222538e-08
2018-08-10 10:00:00,0.00022234459
2018-08-16 09:00:00,0.00017344246
2018-08-17 12:00:00,0.00029653645
2018-08-17 22:00:00,-4.8174982e-08
2018-08-22 23:00:00,-5.082957e-08
2018-08-26 05:00:00,-5.155021e-08
2018-08-26 17:00:00,0.00012979876
2018-08-27 10:00:00,0.00023882795
2018-08-29 04:00:00,-5.7722943e-08
2018-08-29 08:00:00,0.00010727562
2018-08-30 19:00:00,-4.49045e-08
2018-09-02 06:00:00,-5.8166375e-08
2018-09-03 18:00:00,4.8894693e-05
2018-09-04 05:00:00,-6.112618e-08
2018-09-04 20:00:00,-5.939269e-08
2018-09-06 01:00:00,-4.83374e-08
2018-09-07 17:00:00,0.0001144302
2018-09-08 13:00:00,0.00029314542
2018-09-10 09:00:00,0.00016718051
2018-09-10 21:00:00,-5.488251e-08
2018-09-11 04:00:00,-4.733706e-08
2018-09-11 07:00:00,3.167399e-05
2018-09-12 09:00:00,0.00017293608
2018-09-13 01:00:00,-6.037111e-08
2018-09-15 00:00:00,-4.67207e-08
2018-09-15 02:00:00,-4.7837894e-08
2018-09-16 05:00:00,-3.6150123e-08
2018-09-18 09:00:00,0.00016149602
2018-09-19 11:00:00,0.00025073215
2018-09-20 01:00:00,-3.5564472e-08
2018-09-20 23:00:00,-5.4628295e-08
2018-09-22 21:00:00,-3.876494e-08
2018-09-25 16:00:00,0.00015380145
2018-09-26 07:00:00,2.0319136e-05
2018-09-26 12:00:00,0.00027525215
2018-09-28 09:00:00,0.00015373761
2018-09-29 08:00:00,8.5268475e-05
2018-09-29 23:00:00,-4.6652218e-08
2018-09-30 21:00:00,-4.9348067e-08
2018-09-30 23:00:00,-4.1997414e-08
2018-10-01 03:00:00,-4.174961e-08
2018-10-01 23:00:00,-4.131028e-08
2018-10-02 16:00:00,0.00013899415
2018-10-03 00:00:00,-4.2006917e-08
2018-10-04 17:00:00,7.285803e-05
2018-10-05 21:00:00,-5.7632853e-08
2018-10-07 11:00:00,0.00023749744
2018-10-09 01:00:00,-5.3149574e-08
2018-10-10 08:00:00,7.2539515e-05
2018-10-11 02:00:00,-4.458711e-08
2018-10-11 10:00:00,0.0001429018
2018-10-11 12:00:00,0.00025397775
2018-10-11 14:00:00,0.00022766083
2018-10-12 01:00:00,-4.727205e-08
2018-10-13 04:00:00,-4.6198878e-08
2018-10-14 21:00:00,-7.3082134e-08
2018-10-17 17:00:00,5.1486153e-05
2018-10-20 11:00:00,0.00022007764
2018-10-21 01:00:00,-5.567557e-08
2018-10-21 11:00:00,0.00017246485
2018-10-26 02:00:00,-6.774874e-08
2018-10-26 22:00:00,-5.6672025e-08
2018-10-27 19:00:00,-5.5371075e-08
2018-10-29 21:00:00,-5.8963195e-08
2018-10-31 06:00:00,-6.277821e-08
2018-10-31 16:00:00,0.00010301071
2018-11-01 12:00:00,0.00022828254
2018-11-02 10:00:00,0.00017048744
2018-11-05 12:00:00,0.0002207921
2018-11-05 18:00:00,-4.9205852e-08
2018-11-05 19:00:00,-5.6958424e-08
2018-11-06 09:00:00,0.00010757984
2018-11-06 11:00:00,0.00019732579
2018-11-06 18:00:00,-4.9152945e-08
2018-11-07 02:00:00,-4.5137313e-08
2018-11-08 03:00:00,-3.9571688e-08
2018-11-08 17:00:00,2.7064982e-05
2018-11-09 23:00:00,-4.252086e-08
2018-11-10 20:00:00,-4.4062432e-08
2018-11-12 17:00:00,2.8402597e-05
2018-11-13 20:00:00,-4.5908923e-08
2018-11-14 09:00:00,2.9693521e-05
2018-11-14 11:00:00,0.00012318084
2018-11-14 13:00:00,7.268605e-05
2018-11-15 04:00:00,-6.338333e-08
2018-11-16 21:00:00,-4.352139e-08
2018-11-18 01:00:00,-5.300095e-08
2018-11-19 19:00:00,-6.289198e-08
2018-11-21 20:00:00,-5.3525927e-08
2018-11-22 14:00:00,0.00010298066
2018-11-23 14:00:00,0.0001752356
2018-11-24 01:00:00,-5.8443444e-08
2018-11-26 13:00:00,0.0002000832
2018-11-27 21:00:00,-4.265048e-08
2018-11-28 08:00:00,2.6822201e-05
2018-11-29 14:00:00,0.00016974064
2018-12-03 15:00:00,0.00013301223
2018-12-07 19:00:00,-5.2392036e-08
2018-12-07 20:00:00,-5.2176762e-08
2018-12-08 08:00:00,1.9137706e-05
2018-12-09 15:00:00,0.00012912562
2018-12-10 22:00:00,-4.982533e-08
2018-12-13 00:00:00,-5.941286e-08
2018-12-14 18:00:00,-6.155596e-08
2018-12-17 03:00:00,-5.3055242e-08
2018-12-19 11:00:00,0.00016338326
2018-12-20 08:00:00,1.334819e-05
2018-12-22 15:00:00,0.000111957284
2018-12-23 01:00:00,-5.7516967e-08
2018-12-23 07:00:00,-5.4726975e-08
2018-12-24 06:00:00,-6.077127e-08
2018-12-24 21:00:00,-5.466381e-08
2018-12-24 22:00:00,-5.3210783e-08
2018-12-25 01:00:00,-5.2777317e-08
2018-12-25 09:00:00,6.4553285e-05
2018-12-27 15:00:00,0.00013030326
2018-12-29 05:00:00,-6.88545e-08
2018-12-30 01:00:00,-6.3246894e-08
2018-12-31 21:00:00,-5.4059704e-08
2019-01-02 14:00:00,0.00017551807
2019-01-02 15:00:00,0.00013972454
2019-01-03 19:00:00,-5.236011e-08
2019-01-04 15:00:00,0.00014294316
2019-01-05 04:00:00,-5.358625e-08
2019-01-05 18:00:00,-4.617106e-08
2019-01-06 00:00:00,-4.6601738e-08
2019-01-07 04:00:00,-4.826056e-08
2019-01-09 01:00:00,-4.7504976e-08
2019-01-09 14:00:00,0.00017872635
2019-01-10 01:00:00,-4.3504656e-08
2019-01-10 06:00:00,-4.78624e-08
2019-01-11 08:00:00,9.819841e-06
2019-01-18 02:00:00,-4.2897483e-08
2019-01-18 20:00:00,-5.7361348e-08
2019-01-19 21:00:00,-5.1427705e-08
2019-01-21 03:00:00,-4.921523e-08
2019-01-21 20:00:00,-4.8786468e-08
2019-01-22 20:00:00,-5.6205185e-08
2019-01-23 19:00:00,-5.341241e-08
2019-01-24 16:00:00,9.176023e-05
2019-01-25 18:00:00,-5.6883284e-08
2019-01-26 00:00:00,-5.4706895e-08
2019-01-26 16:00:00,7.4791344e-05
2019-01-27 05:00:00,-5.852086e-08
2019-01-27 17:00:00,5.3354386e-05
2019-01-28 18:00:00,1.3222096e-06
2019-01-29 07:00:00,-4.977472e-08
2019-01-30 07:00:00,-4.9043788e-08
2019-01-30 12:00:00,0.00017459059
2019-01-30 15:00:00,7.2570074e-05
2019-01-31 07:00:00,-4.6860624e-08
2019-01-31 13:00:00,0.00021355574
2019-02-01 06:00:00,-4.152028e-08
2019-02-01 07:00:00,-3.9966125e-08
2019-02-01 16:00:00,0.00011860594
2019-02-02 02:00:00,-4.0011145e-08
2019-02-02 18:00:00,1.5672632e-06
2019-02-06 00:00:00,-5.4357972e-08
2019-02-07 14:00:00,0.00022118266
2019-02-08 17:00:00,7.223076e-05
2019-02-09 04:00:00,-4.865221e-08
2019-02-10 06:00:00,-4.4776783e-08
2019-02-14 01:00:00,-4.7664937e-08
2019-02-14 15:00:00,3.637485e-05
2019-02-14 17:00:00,1.174175e-05
2019-02-15 06:00:00,-4.9601088e-08
2019-02-19 03:00:00,-5.802272e-08
2019-02-22 01:00:00,-4.591736e-08
2019-02-23 04:00:00,-5.6825172e-08
2019-02-24 23:00:00,-4.876924e-08
2019-02-27 07:00:00,-5.0677983e-08
2019-03-01 08:00:00,3.3465843e-05
2019-03-05 03:00:00,-3.8617625e-08
2019-03-05 23:00:00,-5.4439123e-08
2019-03-07 05:00:00,-4.9331057e-08
2019-03-07 22:00:00,-5.8627105e-08
2019-03-10 07:00:00,-4.221073e-08
2019-03-11 08:00:00,5.853299e-05
2019-03-11 15:00:00,9.1679976e-05
2019-03-11 23:00:00,-4.244711e-08
2019-03-12 01:00:00,-4.2075968e-08
2019-03-13 22:00:00,-5.6801902e-08
2019-03-14 20:00:00,-6.2934184e-08
2019-03-15 02:00:00,-5.462691e-08
2019-03-15 12:00:00,0.00028064242
2019-03-15 21:00:00,-5.168607e-08
2019-03-16 19:00:00,-5.8583623e-08
2019-03-17 18:00:00,3.6770332e-05
2019-03-19 08:00:00,6.748945e-05
2019-03-20 19:00:00,-5.7376678e-08
2019-03-21 13:00:00,0.00024380883
2019-03-24 06:00:00,-5.016947e-08
2019-03-25 09:00:00,0.00014928264
2019-03-28 02:00:00,-4.7364047e-08
2019-03-31 21:00:00,-5.763656e-08
2019-04-01 01:00:00,-5.914467e-08
2019-04-01 02:00:00,-5.9560097e-08
2019-04-01 13:00:00,0.00030802583
2019-04-02 00:00:00,-5.0579608e-08
2019-04-02 16:00:00,0.00019052852
2019-04-03 07:00:00,2.5162315e-05
2019-04-06 04:00:00,-5.1516455e-08
2019-04-06 17:00:00,9.9929304e-05
2019-04-06 23:00:00,-6.2486244e-08
2019-04-07 00:00:00,-5.97475e-08
2019-04-08 11:00:00,0.0002759921
2019-04-08 23:00:00,-6.299786e-08
2019-04-09 22:00:00,-4.8614805e-08
2019-04-10 23:00:00,-4.6792824e-08
2019-04-12 05:00:00,-6.0386554e-08
2019-04-14 23:00:00,-4.5015444e-08
2019-04-15 16:00:00,0.00014110772
2019-04-15 21:00:00,-5.758549e-08
2019-04-16 04:00:00,-5.3309392e-08
2019-04-16 20:00:00,-5.6711517e-08
2019-04-17 02:00:00,-4.3158405e-08
2019-04-18 13:00:00,0.00030803322
2019-04-20 20:00:00,-5.1609366e-08
2019-04-22 11:00:00,0.0002883431
2019-04-23 02:00:00,-5.898329e-08
2019-04-23 13:00:00,0.000321544
2019-04-24 05:00:00,-5.3715155e-08
2019-04-24 13:00:00,0.00031792576
2019-04-25 07:00:00,4.9515424e-05
2019-04-27 19:00:00,6.887395e-06
2019-04-29 07:00:00,1.6884665e-05
2019-04-29 11:00:00,0.00029750305
2019-04-30 08:00:00,0.00012395454
2019-04-30 14:00:00,0.00030179846
2019-04-30 16:00:00,0.00020710453
2019-05-01 09:00:00,0.00019740209
2019-05-02 05:00:00,-5.6785588e-08
2019-05-03 04:00:00,-4.9441937e-08
2019-05-05 15:00:00,0.0002708495
2019-05-06 04:00:00,-4.418553e-08
2019-05-08 02:00:00,-4.766183e-08
2019-05-08 17:00:00,0.00014202221
2019-05-10 02:00:00,-4.063e-08
2019-05-10 13:00:00,0.00022737036
2019-05-12 04:00:00,-3.986148e-08
2019-05-14 14:00:00,0.00030522753
2019-05-15 07:00:00,6.484443e-05
2019-05-15 09:00:00,0.0001784929
2019-05-15 15:00:00,0.00026243847
2019-05-16 01:00:00,-6.0434495e-08
2019-05-20 04:00:00,-5.1182166e-08
2019-05-21 15:00:00,0.00027165908
2019-05-21 22:00:00,-4.1290278e-08
2019-05-23 13:00:00,0.0003298195
2019-05-25 00:00:00,-5.8286126e-08
2019-05-25 06:00:00,1.3346907e-05
2019-05-26 19:00:00,2.0339034e-05
2019-05-27 12:00:00,0.00033423887
2019-05-29 02:00:00,-4.6942912e-08
2019-05-30 09:00:00,0.00020689348
2019-05-30 14:00:00,0.0003120983
2019-05-30 15:00:00,0.00027501668
2019-05-31 20:00:00,-5.2888165e-08
2019-06-01 10:00:00,0.00026341248
2019-06-02 08:00:00,0.00014099517
2019-06-03 11:00:00,0.00030800962
2019-06-03 18:00:00,8.730358e-05
2019-06-05 16:00:00,0.00021978054
2019-06-05 17:00:00,0.00015599794
2019-06-06 00:00:00,-4.8610755e-08
2019-06-07 12:00:00,0.00032373227
2019-06-08 11:00:00,0.0003025669
2019-06-10 15:00:00,0.00027913004
2019-06-11 14:00:00,0.00031046642
2019-06-13 00:00:00,-4.6472007e-08
2019-06-13 22:00:00,-4.653431e-08
2019-06-16 12:00:00,0.000323062
2019-06-16 20:00:00,-4.5739593e-08
2019-06-17 01:00:00,-4.4045468e-08
2019-06-17 03:00:00,-4.242677e-08
2019-06-17 14:00:00,0.00030988216
2019-06-18 07:00:00,7.122741e-05
2019-06-18 11:00:00,0.00029507006
2019-06-18 20:00:00,-4.562945e-08
2019-06-20 13:00:00,0.00033025158
2019-06-23 01:00:00,-5.3179356e-08
2019-06-24 05:00:00,-4.299778e-08
2019-06-25 00:00:00,-5.7239184e-08
2019-06-25 08:00:00,0.000141362
2019-06-26 08:00:00,0.00011196886
2019-06-28 07:00:00,7.224281e-05
2019-06-29 07:00:00,3.2558266e-05
2019-06-29 09:00:00,9.241784e-05
2019-07-01 06:00:00,1.3277825e-05
2019-07-03 14:00:00,0.00031989807
2019-07-03 20:00:00,-4.8333206e-08
2019-07-03 21:00:00,-4.9294258e-08
2019-07-04 02:00:00,-6.173709e-08
2019-07-04 03:00:00,-6.0303506e-08
2019-07-04 05:00:00,-5.389361e-08
2019-07-07 04:00:00,-5.0525713e-08
2019-07-07 11:00:00,0.00030436076
2019-07-07 14:00:00,0.00031718696
2019-07-10 01:00:00,-6.3940696e-08
2019-07-10 02:00:00,-6.2762055e-08
2019-07-12 09:00:00,0.00019551725
2019-07-12 11:00:00,0.00029232874
2019-07-16 06:00:00,6.3617463e-06
2019-07-18 13:00:00,0.00031712736
2019-07-18 17:00:00,0.00015370215
2019-07-20 04:00:00,-7.337458e-08
2019-07-20 06:00:00,7.1861127e-06
2019-07-20 07:00:00,6.1957304e-05
2019-07-20 12:00:00,0.0003214535
2019-07-20 13:00:00,0.00032661407
2019-07-21 03:00:00,-4.4286445e-08
2019-07-21 21:00:00,-4.9505307e-08
2019-07-22 23:00:00,-4.943022e-08
2019-07-23 03:00:00,-4.679677e-08
2019-07-24 11:00:00,3.382546e-05
2019-07-26 04:00:00,-4.8644562e-08
2019-07-27 01:00:00,-4.981212e-08
2019-07-27 08:00:00,0.00011895964
2019-07-29 05:00:00,-4.1795655e-08
2019-07-31 02:00:00,-3.8467917e-08
2019-07-31 12:00:00,0.0003029849
2019-07-31 17:00:00,0.00015104807
2019-08-02 01:00:00,-4.4718067e-08
2019-08-02 06:00:00,-5.776859e-08
2019-08-02 19:00:00,2.196103e-05
2019-08-04 10:00:00,0.00023928932
2019-08-07 00:00:00,-4.6581118e-08
2019-08-07 19:00:00,1.7465754e-05
2019-08-08 12:00:00,0.0003055133
2019-08-09 05:00:00,-5.3878384e-08
2019-08-09 12:00:00,0.00031347174
2019-08-09 13:00:00,0.00031801898
2019-08-11 11:00:00,0.00028844274
2019-08-13 11:00:00,0.00028757233
2019-08-13 15:00:00,0.00026608523
2019-08-14 23:00:00,-5.8135445e-08
2019-08-16 05:00:00,-5.9472974e-08
2019-08-17 16:00:00,0.00021212043
2019-08-17 19:00:00,1.2056714e-05
2019-08-19 22:00:00,-4.971795e-08
2019-08-20 05:00:00,-7.3988424e-08
2019-08-20 16:00:00,0.00021329899
2019-08-20 18:00:00,7.3798525e-05
2019-08-22 03:00:00,-4.198738e-08
2019-08-22 09:00:00,0.00018039944
2019-08-22 21:00:00,-4.3756533e-08
2019-08-23 00:00:00,-4.8735057e-08
2019-08-23 13:00:00,0.00030217203
2019-08-23 15:00:00,0.00025073646
2019-08-24 12:00:00,0.00028970622
2019-08-25 14:00:00,0.00027544322
2019-08-26 04:00:00,-4.850835e-08
2019-08-29 22:00:00,-4.345566e-08
2019-08-30 00:00:00,-4.4958334e-08
2019-08-31 00:00:00,-5.2423847e-08
2019-09-01 15:00:00,0.00023121948
2019-09-02 12:00:00,0.00028666394
2019-09-03 19:00:00,-4.4417064e-08
2019-09-04 06:00:00,-4.297236e-08
2019-09-05 09:00:00,0.00015798195
2019-09-05 13:00:00,0.00028665477
2019-09-05 21:00:00,-4.6182134e-08
2019-09-05 22:00:00,-4.3546322e-08
2019-09-06 06:00:00,-5.3096883e-08
2019-09-08 06:00:00,-4.839147e-08
2019-09-08 16:00:00,0.00018965907
2019-09-12 15:00:00,0.0002324195
2019-09-12 18:00:00,3.860939e-05
2019-09-14 01:00:00,-5.5794008e-08
2019-09-17 07:00:00,2.4499834e-05
2019-09-18 20:00:00,-4.369525e-08
2019-09-22 10:00:00,0.0002180985
2019-09-24 00:00:00,-4.779275e-08
2019-09-24 06:00:00,-4.860518e-08
2019-09-24 22:00:00,-5.1182834e-08
2019-09-26 13:00:00,0.00026385067
2019-09-26 19:00:00,-6.1548576e-08
2019-09-27 21:00:00,-5.3457462e-08
2019-09-28 19:00:00,-4.9157972e-08
2019-09-30 04:00:00,-5.2289433e-08
2019-10-02 04:00:00,-6.068951e-08
2019-10-02 06:00:00,-6.3005714e-08
2019-10-05 11:00:00,0.00025652174
2019-10-06 02:00:00,-5.4525575e-08
2019-10-07 17:00:00,7.123933e-05
2019-10-11 06:00:00,-5.7350423e-08
2019-10-12 09:00:00,0.00014262358
2019-10-14 03:00:00,-4.1791957e-08
2019-10-15 21:00:00,-6.208954e-08
2019-10-16 13:00:00,0.0002481738
2019-10-19 08:00:00,6.872551e-05
2019-10-20 05:00:00,-5.6143485e-08
2019-10-20 21:00:00,-4.8476306e-08
2019-10-21 11:00:00,0.00022941396
2019-10-21 18:00:00,-5.3488346e-08
2019-10-21 19:00:00,-5.7817626e-08
2019-10-24 05:00:00,-5.813638e-08
2019-10-24 20:00:00,-4.7566278e-08
2019-10-26 04:00:00,-6.1631184e-08
2019-10-29 13:00:00,0.00023121589
2019-10-29 14:00:00,0.0002062284
2019-10-29 16:00:00,0.00010295385
2019-10-30 14:00:00,0.00021785763
2019-11-01 16:00:00,0.00010329828
2019-11-03 02:00:00,-4.603235e-08
2019-11-03 17:00:00,3.5445937e-05
2019-11-05 06:00:00,-6.9188594e-08
2019-11-06 00:00:00,-6.095633e-08
2019-11-09 00:00:00,-6.361929e-08
2019-11-09 19:00:00,-5.271448e-08
2019-11-10 17:00:00,1.6566246e-05
2019-11-11 10:00:00,0.00015701163
2019-11-12 20:00:00,-6.505943e-08
2019-11-15 20:00:00,-6.843745e-08
2019-11-18 01:00:00,-6.0692884e-08
2019-11-18 08:00:00,3.3824806e-05
2019-11-18 09:00:00,9.404488e-05
2019-11-19 07:00:00,-7.4113075e-08
2019-11-19 17:00:00,9.877661e-06
2019-11-20 03:00:00,-4.1951825e-08
2019-11-21 12:00:00,0.00019337302
2019-11-22 05:00:00,-5.5254418e-08
2019-11-22 21:00:00,-4.8940514e-08
2019-11-23 07:00:00,-5.6372926e-08
2019-11-23 17:00:00,1.5274027e-05
2019-11-24 08:00:00,2.1020453e-05
2019-11-26 23:00:00,-5.2340248e-08
2019-11-30 19:00:00,-4.930758e-08
2019-12-01 12:00:00,0.00019329663
2019-12-02 02:00:00,-5.908622e-08
2019-12-02 12:00:00,0.0001540065
2019-12-03 05:00:00,-5.8999138e-08
2019-12-05 17:00:00,2.0068846e-05
2019-12-06 01:00:00,-4.909047e-08
2019-12-06 04:00:00,-5.2894933e-08
2019-12-07 02:00:00,-5.322176e-08
2019-12-08 18:00:00,-5.494905e-08
2019-12-11 20:00:00,-6.459294e-08
2019-12-12 07:00:00,-5.987149e-08
2019-12-13 12:00:00,0.00017912315
2019-12-13 23:00:00,-5.300466e-08
2019-12-16 22:00:00,-4.9129508e-08
2019-12-17 13:00:00,0.00019791147
2019-12-18 23:00:00,-5.5223847e-08
2019-12-19 01:00:00,-5.5681515e-08
2019-12-19 23:00:00,-6.1130486e-08
2019-12-20 04:00:00,-6.962596e-08
2019-12-22 00:00:00,-6.5406596e-08
2019-12-22 04:00:00,-6.437108e-08
2019-12-27 22:00:00,-4.7761205e-08
2019-12-28 08:00:00,9.885207e-06
2019-12-29 15:00:00,0.00013257396
2019-12-29 19:00:00,-5.708139e-08
2019-12-30 00:00:00,-5.9098234e-08
2019-12-30 16:00:00,1.840167e-05
2020-01-01 06:00:00,-4.8360153e-08
2020-01-01 11:00:00,0.00016153944
2020-01-05 01:00:00,-4.9778826e-08
2020-01-05 20:00:00,-5.5107026e-08
2020-01-06 08:00:00,1.08069735e-05
2020-01-07 07:00:00,-5.9087835e-08
2020-01-07 10:00:00,0.00012440211
2020-01-09 08:00:00,9.139326e-06
2020-01-10 01:00:00,-4.4908163e-08
2020-01-10 18:00:00,-5.2526822e-08
2020-01-11 05:00:00,-5.5694475e-08
2020-01-12 01:00:00,-4.0841183e-08
2020-01-12 09:00:00,6.38917e-05
2020-01-12 10:00:00,0.00012054335
2020-01-13 02:00:00,-4.6192476e-08
2020-01-13 17:00:00,4.0006766e-05
2020-01-16 03:00:00,-4.730955e-08
2020-01-16 18:00:00,-4.8572996e-08
2020-01-16 23:00:00,-3.3988705e-08
2020-01-20 02:00:00,-5.3746813e-08
2020-01-21 22:00:00,-4.0731816e-08
2020-01-21 23:00:00,-4.3452193e-08
2020-01-22 01:00:00,-4.2469324e-08
2020-01-24 05:00:00,-5.8922375e-08
2020-01-24 09:00:00,5.456508e-05
2020-01-24 10:00:00,9.985081e-05
2020-01-24 16:00:00,7.060835e-05
2020-01-24 17:00:00,5.0523373e-05
2020-01-26 04:00:00,-5.734136e-08
2020-01-27 14:00:00,0.00020170458
2020-01-28 12:00:00,0.00020814165
2020-01-29 05:00:00,-5.5853256e-08
2020-01-31 04:00:00,-6.097191e-08
2020-02-02 02:00:00,-6.5142885e-08
2020-02-03 02:00:00,-3.6913946e-08
2020-02-04 16:00:00,0.00012759135
2020-02-05 02:00:00,-5.0098635e-08
2020-02-08 22:00:00,-4.6280512e-08
2020-02-09 06:00:00,-4.058976e-08
2020-02-09 13:00:00,0.00023080906
2020-02-12 22:00:00,-4.6432778e-08
2020-02-13 01:00:00,-4.587262e-08
2020-02-13 04:00:00,-5.039263e-08
2020-02-14 00:00:00,-5.208728e-08
2020-02-14 05:00:00,-5.5348583e-08
2020-02-14 10:00:00,0.00015340053
2020-02-15 05:00:00,-5.6791862e-08
2020-02-15 20:00:00,-6.636139e-08
2020-02-18 04:00:00,-5.9326887e-08
2020-02-18 11:00:00,0.00020555922
2020-02-19 14:00:00,0.00023340965
2020-02-20 01:00:00,-6.03394e-08
2020-02-21 13:00:00,0.0002095708
2020-02-24 23:00:00,-5.8642012e-08
2020-02-25 12:00:00,0.0002543413
2020-02-25 19:00:00,-6.243699e-08
2020-02-26 12:00:00,0.00025842604
2020-02-26 17:00:00,9.109087e-05
2020-02-27 00:00:00,-5.98746e-08
2020-02-27 06:00:00,-6.324883e-08
2020-02-28 00:00:00,-6.18072e-08
2020-02-29 08:00:00,4.4090186e-05
2020-02-29 12:00:00,0.00025549874
2020-03-02 03:00:00,-4.230244e-08
2020-03-02 20:00:00,-4.771776e-08
2020-03-02 21:00:00,-4.2468194e-08
2020-03-06 01:00:00,-6.090405e-08
2020-03-06 18:00:00,2.358431e-05
2020-03-09 21:00:00,-5.4515347e-08
2020-03-12 04:00:00,-4.826946e-08
2020-03-13 08:00:00,6.388804e-05
2020-03-14 06:00:00,-4.8432547e-08
2020-03-14 09:00:00,0.000133806
2020-03-14 23:00:00,-4.1866908e-08
2020-03-18 10:00:00,0.00011027719
2020-03-20 07:00:00,1.0227909e-05
2020-03-21 09:00:00,0.00014729878
2020-03-21 19:00:00,-5.9772205e-08
2020-03-23 07:00:00,1.4335706e-05
2020-03-24 16:00:00,0.00018639356
2020-03-25 20:00:00,-5.938938e-08
2020-03-27 02:00:00,-4.4288416e-08
2020-03-27 21:00:00,-5.423504e-08
2020-03-28 09:00:00,0.0001582675
2020-03-28 18:00:00,4.219617e-05
2020-03-29 06:00:00,-5.105054e-08
2020-03-30 07:00:00,2.0715443e-05
2020-03-30 23:00:00,-6.006448e-08
2020-03-31 16:00:00,5.146133e-05
2020-04-01 14:00:00,0.0002883734
2020-04-01 23:00:00,-4.000732e-08
2020-04-02 13:00:00,0.00030895325
2020-04-04 01:00:00,-4.6862702e-08
2020-04-04 10:00:00,0.00023065176
2020-04-04 15:00:00,0.00024991878
2020-04-05 10:00:00,0.00023156479
2020-04-06 09:00:00,0.00017131898
2020-04-09 09:00:00,0.00017775851
2020-04-09 21:00:00,-5.134865e-08
2020-04-11 04:00:00,-4.5683606e-08
2020-04-11 05:00:00,-4.0503473e-08
2020-04-16 12:00:00,0.0003214279
2020-04-18 03:00:00,-4.6277943e-08
2020-04-18 20:00:00,-6.0541005e-08
2020-04-22 19:00:00,5.9504127e-06
2020-04-24 15:00:00,0.00026209088
2020-04-25 09:00:00,0.00019460083
2020-04-26 08:00:00,0.00012525672
2020-04-27 00:00:00,-5.8691747e-08
2020-04-27 01:00:00,-6.1857236e-08
2020-04-27 02:00:00,-6.645825e-08
2020-04-27 09:00:00,0.00019644664
2020-04-28 03:00:00,-4.8091874e-08
2020-04-29 00:00:00,-6.262928e-08
2020-04-30 01:00:00,-5.6028547e-08
2020-04-30 02:00:00,-5.3158338e-08
2020-04-30 11:00:00,0.00025754474
2020-04-30 13:00:00,0.0002579879
2020-05-01 12:00:00,0.0003234647
2020-05-01 22:00:00,-6.378564e-08
2020-05-03 07:00:00,6.0117512e-05
2020-05-05 04:00:00,-7.649586e-08
2020-05-07 02:00:00,-5.316196e-08
2020-05-07 05:00:00,-5.6070032e-08
2020-05-07 11:00:00,0.0003042839
2020-05-11 15:00:00,0.00026940144
2020-05-14 07:00:00,5.906184e-05
2020-05-14 21:00:00,-5.9120474e-08
2020-05-14 23:00:00,-5.3582703e-08
2020-05-16 00:00:00,-5.197279e-08
2020-05-16 17:00:00,0.00014867882
2020-05-17 18:00:00,7.6690674e-05
2020-05-19 05:00:00,-6.245973e-08
2020-05-19 20:00:00,-5.75697e-08
2020-05-22 03:00:00,-4.9209252e-08
2020-05-24 03:00:00,-5.9410628e-08
2020-05-25 09:00:00,0.00021274094
2020-05-28 11:00:00,0.00030079065
2020-05-30 18:00:00,8.908308e-05
2020-06-01 23:00:00,-5.3437624e-08
2020-06-02 16:00:00,0.00021520063
2020-06-03 12:00:00,0.00030484344
2020-06-04 01:00:00,-5.4575935e-08
2020-06-04 09:00:00,0.00020711585
2020-06-04 11:00:00,0.0003025264
2020-06-04 13:00:00,0.0003264666
2020-06-04 23:00:00,-5.1433535e-08
2020-06-09 05:00:00,-6.016439e-08
2020-06-11 02:00:00,-6.157593e-08
2020-06-11 03:00:00,-6.221948e-08
2020-06-12 11:00:00,0.00031507775
2020-06-13 22:00:00,-4.8903207e-08
2020-06-14 08:00:00,0.00014418326
2020-06-15 13:00:00,0.00033105994
2020-06-15 21:00:00,-5.2972048e-08
2020-06-15 23:00:00,-5.6712924e-08
2020-06-17 07:00:00,7.442459e-05
2020-06-17 11:00:00,0.0003050646
2020-06-17 17:00:00,0.00016257989
2020-06-18 19:00:00,3.1939948e-05
2020-06-19 10:00:00,0.00026014712
2020-06-19 22:00:00,-5.529415e-08
2020-06-20 02:00:00,-4.6699324e-08
2020-06-20 16:00:00,0.0002297891
2020-06-21 04:00:00,-5.1472835e-08
2020-06-22 00:00:00,-5.1231435e-08
2020-06-22 11:00:00,0.00030649413
2020-06-23 04:00:00,-5.7297452e-08
2020-06-23 15:00:00,0.0002819741
2020-06-25 11:00:00,0.0002884035
2020-06-27 07:00:00,6.803419e-05
2020-06-28 08:00:00,0.00013120625
2020-06-28 14:00:00,0.00030289334
2020-06-29 03:00:00,-5.9917674e-08
2020-06-30 14:00:00,0.0003152908
2020-07-03 21:00:00,-5.2823886e-08
2020-07-04 08:00:00,0.00013454509
2020-07-04 12:00:00,0.00031874006
2020-07-07 00:00:00,-4.6881016e-08
2020-07-07 10:00:00,0.00025436556
2020-07-07 21:00:00,-4.68773e-08
2020-07-08 14:00:00,0.0003131971
2020-07-09 23:00:00,-5.2257388e-08
2020-07-12 05:00:00,-6.24248e-08
2020-07-13 02:00:00,-5.3587325e-08
2020-07-14 07:00:00,6.162458e-05
2020-07-14 10:00:00,0.00025062732
2020-07-14 16:00:00,0.00022083872
2020-07-18 11:00:00,0.0002929496
2020-07-18 13:00:00,0.0003230366
2020-07-19 09:00:00,0.00019474662
2020-07-19 14:00:00,0.0003105839
2020-07-20 03:00:00,-6.356225e-08
2020-07-21 19:00:00,2.6860424e-05
2020-07-23 09:00:00,0.00019436613
2020-07-23 21:00:00,-5.506052e-08
2020-07-24 14:00:00,0.00031176826
2020-07-25 17:00:00,0.00016088155
2020-07-27 14:00:00,0.00031169897
2020-07-28 04:00:00,-6.099576e-08
2020-07-28 21:00:00,-5.1018894e-08
2020-07-28 23:00:00,-4.8247532e-08
2020-07-29 13:00:00,0.00031859125
2020-07-30 23:00:00,-4.4031736e-08
2020-08-01 23:00:00,-4.5941547e-08
2020-08-02 21:00:00,-5.6563525e-08
2020-08-03 04:00:00,-5.8914726e-08
2020-08-04 20:00:00,-5.1753368e-08
2020-08-05 14:00:00,0.00030926312
2020-08-05 18:00:00,8.077307e-05
2020-08-06 14:00:00,0.00030916152
2020-08-07 09:00:00,0.00019049866
2020-08-09 07:00:00,5.0827613e-05
2020-08-09 20:00:00,-4.9903967e-08
2020-08-09 22:00:00,-5.48562e-08
2020-08-10 01:00:00,-5.7003074e-08
2020-08-10 04:00:00,-5.8782113e-08
2020-08-10 10:00:00,0.00024785995
2020-08-10 14:00:00,0.00030264622
2020-08-10 23:00:00,-4.960368e-08
2020-08-11 03:00:00,-3.8828475e-08
2020-08-11 14:00:00,0.0002904899
2020-08-11 17:00:00,0.0001414129
2020-08-12 17:00:00,0.00013638067
2020-08-13 05:00:00,-5.48112e-08
2020-08-13 09:00:00,0.00017642666
2020-08-14 19:00:00,1.143894e-05
2020-08-16 19:00:00,9.19758e-06
2020-08-17 02:00:00,-4.2785384e-08
2020-08-17 06:00:00,-4.8938112e-08
2020-08-18 00:00:00,-4.743743e-08
2020-08-18 13:00:00,0.0002974254
2020-08-20 06:00:00,-4.4019814e-08
2020-08-22 09:00:00,0.00016354
2020-08-22 11:00:00,0.00026015402
2020-08-23 09:00:00,0.00016820093
2020-08-25 05:00:00,-5.1165706e-08
2020-08-27 03:00:00,-4.0024908e-08
2020-08-27 08:00:00,1.91504e-06
2020-08-27 23:00:00,-4.0254285e-08
2020-08-28 22:00:00,-4.3392703e-08
2020-08-30 11:00:00,0.0002626288
2020-09-01 03:00:00,-4.2419373e-08
2020-09-03 03:00:00,-3.8011212e-08
2020-09-03 04:00:00,-3.9851017e-08
2020-09-05 21:00:00,-4.4205258e-08
2020-09-11 04:00:00,-7.7159186e-08
2020-09-13 04:00:00,-6.1077756e-08
2020-09-13 07:00:00,2.1013115e-05
2020-09-13 19:00:00,-5.1426795e-08
2020-09-14 21:00:00,-5.720383e-08
2020-09-17 17:00:00,9.342624e-05
2020-09-19 16:00:00,0.00015232811
2020-09-20 21:00:00,-5.6344874e-08
2020-09-22 06:00:00,-5.5339353e-08
2020-09-22 20:00:00,-6.254189e-08
2020-09-23 15:00:00,0.00021428391
2020-09-24 19:00:00,-4.512472e-08
2020-09-26 21:00:00,-6.286167e-08
2020-09-27 02:00:00,-3.592931e-08
2020-09-29 20:00:00,-5.1063093e-08
2020-09-30 15:00:00,0.00020683218
2020-10-01 13:00:00,0.0002672764
2020-10-02 14:00:00,0.00024726838
2020-10-03 12:00:00,0.00027093937
2020-10-05 22:00:00,-5.0301054e-08
2020-10-06 19:00:00,-4.8151776e-08
2020-10-07 21:00:00,-5.5520943e-08
2020-10-09 11:00:00,0.00023353455
2020-10-10 11:00:00,0.00022499583
2020-10-11 12:00:00,0.0002548209
2020-10-12 19:00:00,-4.8953428e-08
2020-10-13 09:00:00,0.00013904946
2020-10-13 20:00:00,-4.5242764e-08
2020-10-14 05:00:00,-5.4644865e-08
2020-10-15 12:00:00,0.00024591875
2020-10-16 12:00:00,0.00024384122
2020-10-16 19:00:00,-5.222146e-08
2020-10-18 11:00:00,0.00022592137
2020-10-21 13:00:00,0.00023840541
2020-10-21 16:00:00,0.00011317806
2020-10-25 10:00:00,0.00017522243
2020-10-25 11:00:00,0.00021301124
2020-10-25 13:00:00,0.00022966448
2020-10-25 21:00:00,-4.6799773e-08
2020-10-26 23:00:00,-4.5534897e-08
2020-10-27 15:00:00,0.0001679265
2020-10-27 22:00:00,-3.8844185e-08
2020-10-29 13:00:00,0.00023132435
2020-10-31 09:00:00,0.000115484014
2020-10-31 20:00:00,-5.7700966e-08
2020-11-01 12:00:00,0.00022411907
2020-11-01 19:00:00,-5.6940234e-08
2020-11-01 22:00:00,-4.7467175e-08
2020-11-02 01:00:00,-5.5150068e-08
2020-11-02 13:00:00,0.00021817953
2020-11-03 01:00:00,-5.9644734e-08
2020-11-03 11:00:00,0.00020577204
2020-11-05 01:00:00,-6.1278016e-08
2020-11-05 04:00:00,-7.1135744e-08
2020-11-08 04:00:00,-4.9296386e-08
2020-11-08 06:00:00,-5.0340336e-08
2020-11-08 16:00:00,3.456668e-06
2020-11-08 19:00:00,-5.3499836e-08
2020-11-09 22:00:00,-5.206216e-08
2020-11-10 00:00:00,-5.7673816e-08
2020-11-10 05:00:00,-6.330143e-08
2020-11-10 15:00:00,0.00015029874
2020-11-13 13:00:00,0.00021110421
2020-11-14 03:00:00,-5.1340198e-08
2020-11-15 10:00:00,0.00015732447
2020-11-15 13:00:00,0.00021235253
2020-11-17 20:00:00,-5.435955e-08
2020-11-20 01:00:00,-5.5693118e-08
2020-11-21 00:00:00,-5.7485543e-08
2020-11-22 07:00:00,-5.734502e-08
2020-11-22 18:00:00,-4.63866e-08
2020-11-23 16:00:00,7.959421e-05
2020-11-24 21:00:00,-4.7569344e-08
2020-11-25 01:00:00,-5.2009316e-08
2020-11-27 05:00:00,-5.9472235e-08
2020-11-27 06:00:00,-5.280964e-08
2020-11-28 10:00:00,0.00014467759
2020-11-28 22:00:00,-4.8747438e-08
2020-11-29 01:00:00,-4.645183e-08
2020-11-29 06:00:00,-5.5764133e-08
2020-11-30 09:00:00,8.503119e-05
2020-11-30 11:00:00,0.00017791173
2020-12-01 17:00:00,2.0058951e-05
2020-12-02 18:00:00,-5.5062756e-08
2020-12-03 01:00:00,-5.1398974e-08
2020-12-04 22:00:00,-3.8055905e-08
2020-12-06 07:00:00,-5.6516953e-08
2020-12-07 19:00:00,-5.1463676e-08
2020-12-09 23:00:00,-5.8078648e-08
2020-12-10 05:00:00,-5.3998246e-08
2020-12-11 17:00:00,8.198136e-06
2020-12-16 08:00:00,1.5329711e-05
2020-12-16 11:00:00,0.00016496846
2020-12-16 18:00:00,-4.9110763e-08
2020-12-17 16:00:00,3.734592e-05
2020-12-18 14:00:00,0.00016942772
2020-12-19 05:00:00,-6.5147646e-08
2020-12-19 08:00:00,1.40597185e-05
2020-12-19 11:00:00,0.00016505069
2020-12-21 14:00:00,0.00017325823
2020-12-22 17:00:00,2.4832463e-05
2020-12-25 12:00:00,0.00018629202
2020-12-25 23:00:00,-4.2134946e-08
2020-12-26 13:00:00,0.00019146869
2020-12-27 05:00:00,-6.350591e-08
2020-12-27 07:00:00,-5.7550366e-08
2020-12-30 02:00:00,-5.4926087e-08
2020-12-30 23:00:00,-4.994006e-08
2021-01-02 01:00:00,-5.1414716e-08
2021-01-02 20:00:00,-5.1229726e-08
2021-01-04 09:00:00,6.268854e-05
2021-01-05 08:00:00,7.285798e-06
2021-01-07 04:00:00,-5.790094e-08
2021-01-07 11:00:00,0.0001633813
2021-01-07 16:00:00,9.240814e-05
2021-01-07 18:00:00,-5.024679e-08
2021-01-09 22:00:00,-4.6207028e-08
2021-01-11 12:00:00,0.0001954763
2021-01-12 13:00:00,0.00020358292
2021-01-13 10:00:00,0.000114488765
2021-01-13 20:00:00,-3.8396326e-08
2021-01-15 21:00:00,-4.3677165e-08
2021-01-16 14:00:00,0.00018633077
2021-01-17 02:00:00,-5.096669e-08
2021-01-17 18:00:00,-4.8254158e-08
2021-01-19 17:00:00,1.5352622e-06
2021-01-22 07:00:00,-5.1876096e-08
2021-01-22 15:00:00,4.4717013e-05
2021-01-25 10:00:00,2.5288784e-06
2021-01-25 17:00:00,1.321914e-06
2021-01-25 22:00:00,-4.217471e-08
2021-01-30 03:00:00,-4.313262e-08
2021-01-31 08:00:00,1.2736822e-05
2021-01-31 09:00:00,7.992913e-05
2021-01-31 12:00:00,0.00021624407
2021-02-02 10:00:00,0.0001342084
2021-02-02 22:00:00,-5.30719e-08
2021-02-03 00:00:00,-5.126112e-08
2021-02-03 18:00:00,4.129002e-06
2021-02-04 03:00:00,-5.2708618e-08
2021-02-04 04:00:00,-5.4846847e-08
2021-02-04 06:00:00,-5.695243e-08
2021-02-06 20:00:00,-5.8311468e-08
2021-02-07 06:00:00,-5.595895e-08
2021-02-08 10:00:00,0.00014991603
2021-02-09 16:00:00,7.9226615e-05
2021-02-13 00:00:00,-5.0615025e-08
2021-02-13 02:00:00,-4.024231e-08
2021-02-13 05:00:00,-4.4181263e-08
2021-02-13 10:00:00,0.000118860626
2021-02-14 03:00:00,-4.0117882e-08
2021-02-14 05:00:00,-4.767775e-08
2021-02-17 11:00:00,0.00021357546
2021-02-17 16:00:00,0.00014453483
2021-02-18 00:00:00,-5.283625e-08
2021-02-18 01:00:00,-5.1791847e-08
2021-02-21 04:00:00,-6.039871e-08
2021-02-24 18:00:00,2.2619864e-05
2021-02-25 11:00:00,0.00022508745
2021-02-26 17:00:00,9.854641e-05
2021-02-27 00:00:00,-4.8278583e-08
2021-02-27 06:00:00,-4.441054e-08
2021-02-28 12:00:00,0.00026428927
2021-03-01 10:00:00,0.00018845213
2021-03-01 12:00:00,0.0002690182
2021-03-03 13:00:00,0.00026481695
2021-03-03 20:00:00,-6.1648066e-08
2021-03-04 03:00:00,-5.000875e-08
2021-03-04 09:00:00,0.00012015512
2021-03-04 15:00:00,0.00021909595
2021-03-07 11:00:00,0.00016602612
2021-03-07 20:00:00,-7.132254e-08
2021-03-07 21:00:00,-6.412763e-08
2021-03-09 02:00:00,-4.7645425e-08
2021-03-09 05:00:00,-4.9829985e-08
2021-03-09 15:00:00,0.00022061201
2021-03-09 22:00:00,-5.259231e-08
2021-03-10 17:00:00,0.00010018207
2021-03-11 08:00:00,6.0072736e-05
2021-03-11 15:00:00,5.3224803e-06
2021-03-11 20:00:00,-5.467799e-08
2021-03-13 03:00:00,-4.9743612e-08
2021-03-13 06:00:00,-4.6835737e-08
2021-03-13 22:00:00,-4.89265e-08
2021-03-16 00:00:00,-5.127814e-08
2021-03-18 14:00:00,0.00027504552
2021-03-22 00:00:00,-5.526232e-08
2021-03-23 10:00:00,0.0002045526
2021-03-23 21:00:00,-4.9813483e-08
2021-03-24 00:00:00,-4.867671e-08
2021-03-24 23:00:00,-4.668446e-08
2021-03-28 22:00:00,-4.4984912e-08
2021-03-31 01:00:00,-4.277962e-08
2021-03-31 03:00:00,-4.083168e-08
2021-03-31 08:00:00,9.306708e-05
2021-03-31 17:00:00,0.000120573226
2021-03-31 19:00:00,-4.41282e-08
2021-04-02 06:00:00,-5.4491377e-08
2021-04-03 01:00:00,-6.361518e-08
2021-04-06 03:00:00,-6.114908e-08
2021-04-06 17:00:00,0.00012724719
2021-04-06 19:00:00,-4.512258e-08
2021-04-07 17:00:00,0.00012815426
2021-04-09 02:00:00,-7.016855e-08
2021-04-10 02:00:00,-4.8205514e-08
2021-04-11 07:00:00,1.9386156e-05
2021-04-16 06:00:00,-5.5186664e-08
2021-04-16 20:00:00,-4.9141715e-08
2021-04-18 01:00:00,-5.2555567e-08
2021-04-19 01:00:00,-4.6354085e-08
2021-04-19 04:00:00,-5.3493316e-08
2021-04-19 08:00:00,0.0001208061
2021-04-19 10:00:00,0.0002543794
2021-04-20 11:00:00,0.0003044448
2021-04-20 14:00:00,0.00031117565
2021-04-24 13:00:00,0.0003204374
2021-04-25 20:00:00,-5.2505026e-08
2021-04-26 13:00:00,0.0001764782
2021-04-27 16:00:00,0.00020842694
2021-04-28 11:00:00,0.00030166603
2021-04-28 12:00:00,0.00032520722
2021-04-28 16:00:00,0.00020690699
2021-04-28 23:00:00,-5.9218767e-08
2021-05-02 18:00:00,6.673404e-05
2021-05-03 00:00:00,-4.930505e-08
2021-05-03 13:00:00,0.00032634725
2021-05-04 13:00:00,0.00032620685
2021-05-04 21:00:00,-6.245486e-08
2021-05-06 02:00:00,-6.084658e-08
2021-05-06 06:00:00,5.650124e-06
2021-05-08 01:00:00,-5.0758928e-08
2021-05-10 14:00:00,0.00030830875
2021-05-11 01:00:00,-4.169307e-08
2021-05-14 02:00:00,-5.0591176e-08
2021-05-14 04:00:00,-4.855688e-08
2021-05-14 11:00:00,0.00030836437
2021-05-15 08:00:00,0.00013544904
2021-05-15 10:00:00,0.00026068382
2021-05-16 06:00:00,9.527248e-06
2021-05-17 20:00:00,-6.119219e-08
2021-05-21 09:00:00,0.00021435374
2021-05-22 09:00:00,0.00021561144
2021-05-24 01:00:00,-5.25896e-08
2021-05-24 22:00:00,-3.9985654e-08
2021-05-25 02:00:00,-5.0378095e-08
2021-05-25 09:00:00,0.00021182805
2021-05-28 05:00:00,-5.2213494e-08
2021-05-28 06:00:00,1.45972745e-05
2021-05-29 06:00:00,1.4576636e-05
2021-05-31 09:00:00,0.00020721758
2021-05-31 13:00:00,0.00032678168
2021-06-01 08:00:00,0.00014261903
2021-06-03 17:00:00,0.0001547504
2021-06-05 09:00:00,0.00020887179
2021-06-05 18:00:00,8.665989e-05
2021-06-05 23:00:00,-5.1815178e-08
2021-06-08 07:00:00,7.723639e-05
2021-06-10 15:00:00,0.0002888705
2021-06-11 08:00:00,0.00015186399
2021-06-11 11:00:00,0.00031999414
2021-06-11 18:00:00,9.8711185e-05
2021-06-13 07:00:00,7.473113e-05
2021-06-13 21:00:00,-5.174879e-08
2021-06-15 03:00:00,-5.1298187e-08
2021-06-15 04:00:00,-5.1913904e-08
2021-06-15 18:00:00,8.465558e-05
2021-06-16 02:00:00,-4.983334e-08
2021-06-16 10:00:00,0.00024299933
2021-06-17 22:00:00,-4.35887e-08
2021-06-18 23:00:00,-4.5543135e-08
2021-06-23 01:00:00,-4.6176645e-08
2021-06-23 11:00:00,0.0002841062
2021-06-23 16:00:00,0.0002108331
2021-06-24 10:00:00,0.00024753364
2021-06-24 17:00:00,0.0001566859
2021-06-25 05:00:00,-6.847908e-08
2021-06-26 08:00:00,0.00014321787
2021-06-27 01:00:00,-4.9598587e-08
2021-06-27 05:00:00,-4.946025e-08
2021-06-29 11:00:00,0.00026327962
2021-06-30 14:00:00,0.0002974098
2021-06-30 17:00:00,0.00015513628
2021-06-30 19:00:00,2.9673129e-05
2021-07-01 15:00:00,0.00026777215
2021-07-01 22:00:00,-4.481061e-08
2021-07-01 23:00:00,-4.2842426e-08
2021-07-02 20:00:00,-5.1491188e-08
2021-07-04 01:00:00,-4.2337692e-08
2021-07-04 19:00:00,3.0275676e-05
2021-07-06 22:00:00,-4.8893554e-08
2021-07-07 09:00:00,0.00018774098
2021-07-08 01:00:00,-4.369778e-08
2021-07-08 05:00:00,-4.2104034e-08
2021-07-08 13:00:00,0.00031204644
2021-07-09 07:00:00,4.919631e-05
2021-07-11 06:00:00,6.3825323e-06
2021-07-13 04:00:00,-3.822334e-08
2021-07-13 18:00:00,7.984016e-05
2021-07-18 23:00:00,-4.4419988e-08
2021-07-19 03:00:00,-4.3150404e-08
2021-07-20 22:00:00,-4.5551754e-08
2021-07-21 15:00:00,0.00025488963
2021-07-23 18:00:00,9.751361e-06
2021-07-24 04:00:00,-4.758882e-08
2021-07-24 16:00:00,9.167725e-05
2021-07-25 04:00:00,-4.2783864e-08
2021-07-26 01:00:00,-4.5951648e-08
2021-07-26 22:00:00,-5.4198605e-08
2021-07-27 14:00:00,0.00029384918
2021-07-29 16:00:00,1.5847145e-05
2021-07-30 11:00:00,0.00021329883
2021-07-31 11:00:00,0.0002744883
2021-08-01 07:00:00,4.9171656e-05
2021-08-02 13:00:00,0.00031715582
2021-08-04 07:00:00,4.9465896e-05
2021-08-04 15:00:00,0.000260763
2021-08-05 19:00:00,1.7161048e-05
2021-08-08 08:00:00,0.00010909398
2021-08-08 15:00:00,0.0002540216
2021-08-09 09:00:00,0.00017075038
2021-08-11 03:00:00,-3.853112e-08
2021-08-11 14:00:00,0.00028841294
2021-08-12 16:00:00,0.00019866267
2021-08-16 15:00:00,0.00024277729
2021-08-16 19:00:00,8.535048e-06
2021-08-17 20:00:00,-4.4246146e-08
2021-08-19 06:00:00,-5.2738052e-08
2021-08-20 02:00:00,-4.387943e-08
2021-08-20 07:00:00,3.9666007e-05
2021-08-20 15:00:00,0.00025215626
2021-08-23 02:00:00,-4.3563183e-08
2021-08-25 05:00:00,-6.62467e-08
2021-08-25 13:00:00,0.00029932216
2021-08-28 02:00:00,-4.0949814e-08
2021-08-28 17:00:00,0.00011452323
2021-08-29 22:00:00,-4.160169e-08
2021-08-30 02:00:00,-3.5759935e-08
2021-08-30 14:00:00,0.00026480175
2021-09-03 22:00:00,-4.3492964e-08
2021-09-04 11:00:00,0.0002643685
2021-09-05 06:00:00,-5.7936987e-08
2021-09-07 19:00:00,-4.4958888e-08
2021-09-08 08:00:00,8.9827445e-05
2021-09-08 20:00:00,-5.2785662e-08
2021-09-09 16:00:00,0.00017029759
2021-09-11 05:00:00,-4.2489443e-08
2021-09-12 14:00:00,0.00026161768
2021-09-12 19:00:00,-4.5191644e-08
2021-09-14 01:00:00,-4.93558e-08
2021-09-16 04:00:00,-5.988597e-08
2021-09-16 20:00:00,-5.3648602e-08
2021-09-17 03:00:00,-4.9353172e-08
2021-09-17 21:00:00,-5.8215782e-08
2021-09-18 02:00:00,-5.012261e-08
2021-09-18 08:00:00,8.854204e-05
2021-09-18 12:00:00,0.00026877626
2021-09-18 14:00:00,0.00025356977
2021-09-19 12:00:00,0.00028442283
2021-09-21 05:00:00,-6.263535e-08
2021-09-21 21:00:00,-5.683419e-08
2021-09-22 14:00:00,0.00025680297
2021-09-23 03:00:00,-5.8524467e-08
2021-09-23 10:00:00,9.989538e-05
2021-09-23 22:00:00,-5.3716764e-08
2021-09-26 05:00:00,-5.5631514e-08
2021-10-03 12:00:00,0.00026300392
2021-10-04 17:00:00,5.651571e-05
2021-10-07 03:00:00,-4.1102407e-08
2021-10-08 16:00:00,6.0667913e-05
2021-10-09 17:00:00,6.494948e-05
2021-10-10 10:00:00,0.00020164432
2021-10-10 12:00:00,0.00026502382
2021-10-11 16:00:00,0.00012357418
2021-10-11 17:00:00,5.5228375e-05
2021-10-11 18:00:00,2.8276545e-06
2021-10-13 15:00:00,0.00018721295
2021-10-14 21:00:00,-5.5020855e-08
2021-10-16 05:00:00,-6.4990225e-08
2021-10-16 06:00:00,-6.4298845e-08
2021-10-16 11:00:00,0.00023433343
2021-10-17 05:00:00,-5.6320463e-08
2021-10-18 13:00:00,0.00024223416
2021-10-19 06:00:00,-5.7510743e-08
2021-10-20 20:00:00,-7.0892376e-08
2021-10-21 11:00:00,0.00022679946
2021-10-22 08:00:00,6.361676e-05
2021-10-25 06:00:00,-4.669461e-08
2021-10-26 08:00:00,5.9082333e-05
2021-10-28 21:00:00,-5.7626238e-08
2021-10-29 19:00:00,-5.412355e-08
2021-10-31 05:00:00,-4.8783534e-08
2021-11-01 20:00:00,-6.298677e-08
2021-11-02 17:00:00,3.5124005e-05
2021-11-03 14:00:00,0.0001978468
2021-11-03 22:00:00,-5.371836e-08
2021-11-05 03:00:00,-6.6599e-08
2021-11-05 21:00:00,-6.577503e-08
2021-11-08 04:00:00,-4.858753e-08
2021-11-08 12:00:00,0.00022108848
2021-11-09 13:00:00,0.00021428296
2021-11-09 23:00:00,-5.030386e-08
2021-11-10 11:00:00,0.00019394903
2021-11-10 17:00:00,2.806718e-05
2021-11-11 12:00:00,0.00021690423
2021-11-12 18:00:00,-5.0421487e-08
2021-11-13 01:00:00,-6.577206e-08
2021-11-13 16:00:00,8.599434e-05
2021-11-14 18:00:00,-4.8228685e-08
2021-11-15 13:00:00,0.00021391525
2021-11-16 00:00:00,-5.1633627e-08
2021-11-17 00:00:00,-6.287594e-08
2021-11-17 02:00:00,-6.125247e-08
2021-11-17 07:00:00,-6.598019e-08
2021-11-17 17:00:00,2.3180062e-05
2021-11-19 03:00:00,-6.005817e-08
2021-11-19 09:00:00,9.341147e-05
2021-11-20 02:00:00,-5.4244754e-08
2021-11-23 21:00:00,-6.314147e-08
2021-11-25 07:00:00,-5.9652e-08
2021-11-25 15:00:00,0.00013267074
2021-11-28 11:00:00,0.0001752265
2021-11-28 22:00:00,-4.779699e-08
2021-12-01 13:00:00,0.00019381684
2021-12-02 01:00:00,-5.132866e-08
2021-12-03 21:00:00,-5.4972347e-08
2021-12-04 08:00:00,2.194784e-05
2021-12-04 23:00:00,-5.7194608e-08
2021-12-05 19:00:00,-5.0593837e-08
2021-12-07 15:00:00,2.6475293e-05
2021-12-08 16:00:00,7.409843e-05
2021-12-10 10:00:00,0.00012464094
2021-12-10 11:00:00,0.00016543346
2021-12-10 14:00:00,0.00016724227
2021-12-10 15:00:00,0.00011188864
2021-12-10 19:00:00,-5.656317e-08
2021-12-11 08:00:00,1.8477309e-05
2021-12-12 13:00:00,0.00019440384
2021-12-13 06:00:00,-5.462213e-08
2021-12-14 17:00:00,1.3631864e-05
2021-12-16 05:00:00,-6.0484254e-08
2021-12-17 05:00:00,-6.671822e-08
2021-12-17 13:00:00,0.00019096106
2021-12-17 23:00:00,-5.4853626e-08
2021-12-19 04:00:00,-6.2190985e-08
2021-12-20 23:00:00,-5.6931217e-08
2021-12-22 14:00:00,0.00016457147
2021-12-24 20:00:00,-6.1637905e-08
2021-12-25 08:00:00,7.8944995e-06
2021-12-25 20:00:00,-5.749516e-08
2021-12-25 22:00:00,-5.009528e-08
2021-12-26 04:00:00,-5.2615587e-08
2021-12-26 23:00:00,-5.615675e-08
2021-12-29 05:00:00,-5.1392103e-08
2021-12-29 11:00:00,0.00016079935
2022-01-01 08:00:00,1.1120465e-05
2022-01-01 23:00:00,-5.8397994e-08
2022-01-02 21:00:00,-5.357095e-08
2022-01-03 02:00:00,-5.8254955e-08
2022-01-03 09:00:00,6.8743684e-05
2022-01-04 08:00:00,9.554928e-06
2022-01-07 11:00:00,0.00016400476
2022-01-08 17:00:00,2.706719e-05
2022-01-08 19:00:00,-5.0071762e-08
2022-01-11 00:00:00,-5.8520047e-08
2022-01-11 07:00:00,-5.9216013e-08
2022-01-12 11:00:00,0.0001426205
2022-01-13 03:00:00,-5.4896088e-08
2022-01-14 12:00:00,0.00018454157
2022-01-16 09:00:00,5.1069095e-05
2022-01-17 13:00:00,0.0001998475
2022-01-18 16:00:00,0.00010332723
2022-01-20 03:00:00,-5.6315454e-08
2022-01-20 09:00:00,7.0310474e-05
2022-01-20 13:00:00,0.0002110785
2022-01-23 11:00:00,0.00017397186
2022-01-23 14:00:00,0.00019554637
2022-01-24 10:00:00,0.00013363597
2022-01-26 13:00:00,0.00022164223
2022-01-27 19:00:00,-5.255075e-08
2022-01-29 08:00:00,9.535024e-06
2022-01-29 09:00:00,7.579254e-05
2022-01-31 00:00:00,-5.753285e-08
2022-02-01 14:00:00,0.00020617337
2022-02-01 20:00:00,-4.348286e-08
2022-02-03 03:00:00,-5.7671805e-08
2022-02-03 08:00:00,1.979847e-05
2022-02-04 03:00:00,-5.4768456e-08
2022-02-04 04:00:00,-5.8937793e-08
2022-02-05 22:00:00,-4.2086118e-08
2022-02-06 10:00:00,0.00014993294
2022-02-06 15:00:00,0.0001850144
2022-02-06 17:00:00,6.780221e-05
2022-02-06 18:00:00,8.583175e-06
2022-02-07 12:00:00,0.00022596146
2022-02-07 13:00:00,0.00023447172
2022-02-07 18:00:00,9.57288e-06
2022-02-08 04:00:00,-5.5064884e-08
2022-02-08 22:00:00,-4.4841265e-08
2022-02-09 00:00:00,-5.7645327e-08
2022-02-09 20:00:00,-4.6751907e-08
2022-02-11 10:00:00,0.0001518915
2022-02-11 19:00:00,-5.529285e-08
2022-02-12 05:00:00,-6.455235e-08
2022-02-13 21:00:00,-4.6205344e-08
2022-02-14 00:00:00,-5.1771895e-08
2022-02-14 10:00:00,0.00016181883
2022-02-16 20:00:00,-6.698347e-08
2022-02-17 03:00:00,-5.4994516e-08
2022-02-19 07:00:00,-5.4097118e-08
2022-02-19 13:00:00,0.00025633044
2022-02-25 00:00:00,-4.4521318e-08
2022-02-25 05:00:00,-5.3569668e-08
2022-02-26 16:00:00,0.00016314238
2022-02-28 00:00:00,-5.345948e-08
2022-02-28 01:00:00,-4.8090047e-08
2022-02-28 23:00:00,-4.417873e-08
2022-03-02 19:00:00,-5.240109e-08
2022-03-05 16:00:00,0.00016600429
2022-03-08 21:00:00,-3.9125855e-08
2022-03-09 10:00:00,0.00019391367
2022-03-09 15:00:00,0.00022685938
2022-03-11 01:00:00,-4.262853e-08
2022-03-12 00:00:00,-4.85018e-08
2022-03-12 05:00:00,-5.5031485e-08
2022-03-12 13:00:00,0.0002911922
2022-03-14 04:00:00,-5.358832e-08
2022-03-14 08:00:00,6.2623534e-05
2022-03-15 21:00:00,-4.7857625e-08
2022-03-17 17:00:00,0.00011144075
2022-03-18 11:00:00,0.00025560046
2022-03-19 19:00:00,-5.0193634e-08
2022-03-22 16:00:00,0.00017902984
2022-03-22 17:00:00,0.00011064468
2022-03-23 12:00:00,0.0003018359
2022-03-23 14:00:00,0.00028701423
2022-03-24 00:00:00,-4.5345725e-08
2022-03-24 02:00:00,-3.7333685e-08
2022-03-27 13:00:00,0.0003008509
2022-03-28 23:00:00,-5.0468707e-08
2022-03-30 23:00:00,-5.859564e-08
2022-03-31 05:00:00,-3.8522305e-08
2022-04-01 02:00:00,-4.1218396e-08
2022-04-03 02:00:00,-3.560575e-08
2022-04-03 16:00:00,0.00018539476
2022-04-04 00:00:00,-4.274123e-08
2022-04-09 09:00:00,0.00016718358
2022-04-10 14:00:00,0.00029659795
2022-04-14 06:00:00,-5.8558967e-08
2022-04-15 02:00:00,-5.3523728e-08
2022-04-15 07:00:00,4.2484386e-05
2022-04-16 01:00:00,-4.8221175e-08
2022-04-16 06:00:00,-4.5061874e-08
2022-04-19 23:00:00,-5.929369e-08
2022-04-20 00:00:00,-5.984857e-08
2022-04-20 07:00:00,4.56594e-05
2022-04-20 16:00:00,0.00020184669
2022-04-21 01:00:00,-5.7237596e-08
2022-04-25 12:00:00,0.00032083018
2022-04-27 09:00:00,0.00019403714
2022-04-27 12:00:00,0.00032649146
2022-04-30 08:00:00,0.00013005783
2022-04-30 12:00:00,0.00031816377
2022-05-01 03:00:00,-4.61866e-08
2022-05-02 09:00:00,0.00019227916
2022-05-03 03:00:00,-3.8362693e-08
2022-05-04 08:00:00,0.00013163066
2022-05-05 04:00:00,-7.005195e-08
2022-05-05 18:00:00,7.193479e-05
2022-05-05 22:00:00,-6.132562e-08
2022-05-07 12:00:00,0.00032045197
2022-05-08 06:00:00,6.3928587e-06
2022-05-08 16:00:00,0.00020552524
2022-05-09 05:00:00,-5.8129363e-08
2022-05-09 16:00:00,0.00021690612
2022-05-11 18:00:00,7.857788e-05
2022-05-12 07:00:00,6.9645765e-05
2022-05-12 18:00:00,7.858062e-05
2022-05-12 20:00:00,-3.9977177e-08
2022-05-14 02:00:00,-5.1352114e-08
2022-05-19 03:00:00,-5.058287e-08
2022-05-20 00:00:00,-5.0460255e-08
2022-05-20 04:00:00,-4.385245e-08
2022-05-20 15:00:00,0.00027025858
2022-05-21 09:00:00,0.00020752563
2022-05-22 03:00:00,-4.888457e-08
2022-05-22 13:00:00,0.0003309403
2022-05-23 10:00:00,0.00025856783
2022-05-26 16:00:00,0.00021689132
2022-05-26 19:00:00,2.158803e-05
2022-05-28 21:00:00,-4.3197662e-08
2022-05-29 13:00:00,0.00033586944
2022-05-30 22:00:00,-5.6724158e-08
2022-06-01 16:00:00,0.0002283481
2022-06-02 18:00:00,8.9153975e-05
2022-06-03 18:00:00,8.7948574e-05
2022-06-04 07:00:00,7.124199e-05
2022-06-06 17:00:00,0.00015478402
2022-06-07 22:00:00,-4.9129913e-08
2022-06-08 16:00:00,0.00021903316
2022-06-13 02:00:00,-6.1633315e-08
2022-06-13 20:00:00,-4.967523e-08
2022-06-14 06:00:00,1.560188e-05
2022-06-14 08:00:00,0.00014449096
2022-06-14 15:00:00,0.00028193617
2022-06-16 12:00:00,0.00032169026
2022-06-16 23:00:00,-5.2963685e-08
2022-06-17 20:00:00,-4.8714863e-08
2022-06-19 22:00:00,-3.7021184e-08
2022-06-20 13:00:00,0.0003410346
2022-06-21 07:00:00,7.347639e-05
2022-06-23 08:00:00,0.00013419907
2022-06-23 09:00:00,0.00019722119
2022-06-23 22:00:00,-4.395357e-08
2022-06-24 02:00:00,-4.3637367e-08
2022-06-26 13:00:00,0.00031602551
2022-06-27 00:00:00,-4.9142727e-08
2022-06-28 03:00:00,-4.7950248e-08
2022-06-28 22:00:00,-4.4631324e-08
2022-06-30 13:00:00,0.00031918977
2022-07-03 09:00:00,0.00020885943
2022-07-03 12:00:00,0.00033221926
2022-07-06 02:00:00,-4.4951957e-08
2022-07-06 19:00:00,3.2779273e-05
2022-07-10 14:00:00,0.00030602425
2022-07-10 19:00:00,3.1629235e-05
2022-07-11 03:00:00,-5.0330804e-08
2022-07-12 03:00:00,-4.3880043e-08
2022-07-14 23:00:00,-5.4484804e-08
2022-07-16 20:00:00,-4.4860617e-08
2022-07-21 01:00:00,-4.4436103e-08
2022-07-21 10:00:00,0.00019032005
2022-07-24 08:00:00,0.00011668114
2022-07-25 01:00:00,-4.1924615e-08
2022-07-26 04:00:00,-4.4787143e-08
2022-07-27 04:00:00,-4.982212e-08
2022-07-27 14:00:00,0.00018495446
2022-07-31 17:00:00,3.4472905e-05
2022-08-01 09:00:00,0.00017725861
2022-08-01 19:00:00,2.1917054e-05
2022-08-06 13:00:00,0.00030768965
2022-08-10 03:00:00,-4.838232e-08
2022-08-11 04:00:00,-4.9914995e-08
2022-08-12 06:00:00,-5.3785495e-08
2022-08-12 21:00:00,-4.731949e-08
2022-08-12 23:00:00,-4.278102e-08
2022-08-13 07:00:00,4.335397e-05
2022-08-13 21:00:00,-5.1467932e-08
2022-08-13 23:00:00,-4.7938823e-08
2022-08-15 00:00:00,-4.363065e-08
2022-08-18 03:00:00,-4.7293934e-08
2022-08-18 15:00:00,0.0002475571
2022-08-19 05:00:00,-4.90341e-08
2022-08-20 11:00:00,0.0002106501
2022-08-20 14:00:00,0.0002798234
2022-08-21 13:00:00,0.0002969998
2022-08-22 08:00:00,8.467242e-05
2022-08-23 21:00:00,-3.9800348e-08
2022-08-27 01:00:00,-4.3377103e-08
2022-08-28 01:00:00,-4.013127e-08
2022-08-28 06:00:00,-4.7600132e-08
2022-08-28 09:00:00,0.00016608372
2022-08-29 17:00:00,0.00012340852
2022-08-30 07:00:00,3.447474e-05
2022-09-02 06:00:00,-4.007972e-08
2022-09-02 11:00:00,0.00026301452
2022-09-03 05:00:00,-4.0597588e-08
2022-09-04 06:00:00,-5.4089305e-08
2022-09-04 09:00:00,0.0001390965
2022-09-05 14:00:00,0.000281415
2022-09-05 18:00:00,4.6683377e-05
2022-09-05 22:00:00,-4.3648637e-08
2022-09-06 02:00:00,-4.2043528e-08
2022-09-07 06:00:00,-5.0897622e-08
2022-09-08 16:00:00,0.00013355832
2022-09-08 19:00:00,-4.601099e-08
2022-09-10 13:00:00,0.00023504443
2022-09-11 12:00:00,0.0001934075
2022-09-14 16:00:00,0.00016882771
2022-09-14 18:00:00,3.419522e-05
2022-09-14 23:00:00,-4.369312e-08
2022-09-15 05:00:00,-4.787569e-08
2022-09-15 08:00:00,9.304459e-05
2022-09-15 15:00:00,0.0002268222
2022-09-18 23:00:00,-4.760157e-08
2022-09-19 20:00:00,-5.548494e-08
2022-09-20 10:00:00,0.00021546465
2022-09-21 14:00:00,0.00023868724
2022-09-23 03:00:00,-4.361764e-08
2022-09-24 06:00:00,-5.377194e-08
2022-09-24 14:00:00,0.0002462202
2022-09-25 11:00:00,0.00024796155
2022-09-25 13:00:00,0.00027139016
2022-09-26 15:00:00,0.00021702747
2022-09-27 14:00:00,0.00024307144
2022-09-27 15:00:00,0.00020205903
2022-09-28 03:00:00,-4.4296204e-08
2022-10-02 23:00:00,-4.5982116e-08
2022-10-04 11:00:00,0.00023093459
2022-10-04 16:00:00,0.0001345169
2022-10-05 03:00:00,-4.391406e-08
2022-10-05 10:00:00,0.00019373906
2022-10-08 12:00:00,0.00024637426
2022-10-09 03:00:00,-5.2542905e-08
2022-10-09 10:00:00,0.00018397892
2022-10-10 12:00:00,0.00024838265
2022-10-10 16:00:00,0.00012468638
2022-10-13 19:00:00,-5.2947478e-08
2022-10-14 04:00:00,-4.7485546e-08
2022-10-15 07:00:00,7.588158e-06
2022-10-15 17:00:00,2.96579e-05
2022-10-17 00:00:00,-5.7041134e-08
2022-10-19 02:00:00,-5.4425623e-08
2022-10-20 13:00:00,0.00023857086
2022-10-21 00:00:00,-4.903928e-08
2022-10-21 04:00:00,-5.8340206e-08
2022-10-22 05:00:00,-4.2494598e-08
2022-10-23 16:00:00,0.0001114023
2022-10-24 23:00:00,-5.284067e-08
2022-10-25 07:00:00,5.4014326e-06
2022-10-28 23:00:00,-5.4008574e-08
2022-10-30 04:00:00,-6.752227e-08
2022-10-30 10:00:00,0.00016817855
2022-10-31 06:00:00,-6.0716204e-08
2022-10-31 15:00:00,0.00016300812
2022-11-02 14:00:00,0.00018363875
2022-11-04 01:00:00,-5.7956157e-08
2022-11-05 00:00:00,-5.3889195e-08
2022-11-05 03:00:00,-5.2563266e-08
2022-11-05 04:00:00,-6.005436e-08
2022-11-06 00:00:00,-5.07442e-08
2022-11-08 02:00:00,-3.6352468e-08
2022-11-10 07:00:00,-6.0226746e-08
2022-11-11 00:00:00,-6.088751e-08
2022-11-12 07:00:00,-5.2922534e-08
2022-11-13 02:00:00,-5.1477187e-08
2022-11-13 05:00:00,-5.846434e-08
2022-11-14 08:00:00,4.1247742e-05
2022-11-14 23:00:00,-5.7906703e-08
2022-11-15 01:00:00,-5.9225773e-08
2022-11-16 16:00:00,8.9935515e-05
2022-11-19 03:00:00,-6.0084695e-08
2022-11-19 16:00:00,8.114241e-05
2022-11-22 02:00:00,-4.9201653e-08
2022-11-22 07:00:00,-5.4447977e-08
2022-11-25 06:00:00,-6.638271e-08
2022-11-25 09:00:00,9.442791e-05
2022-11-27 13:00:00,0.00020218077
2022-11-28 09:00:00,6.8050605e-05
2022-11-29 17:00:00,2.0990454e-05
2022-11-30 15:00:00,0.00013105008
2022-12-04 01:00:00,-4.5210086e-08
2022-12-05 03:00:00,-3.8898598e-08
2022-12-05 08:00:00,2.0995614e-05
2022-12-06 10:00:00,0.00012844593
2022-12-07 19:00:00,-6.4722784e-08
2022-12-10 06:00:00,-5.8027652e-08
2022-12-11 12:00:00,0.00018827415
2022-12-12 02:00:00,-4.546668e-08
2022-12-12 13:00:00,8.439672e-05
2022-12-16 02:00:00,-6.113276e-08
2022-12-18 00:00:00,-4.714498e-08
2022-12-18 12:00:00,0.00018757781
2022-12-20 04:00:00,-6.414423e-08
2022-12-20 20:00:00,-5.7537275e-08
2022-12-21 01:00:00,-6.037164e-08
2022-12-22 04:00:00,-6.44505e-08
2022-12-24 03:00:00,-5.7563724e-08
2022-12-25 01:00:00,-5.8265975e-08
2022-12-28 03:00:00,-4.1703323e-08
2022-12-28 14:00:00,0.00017097416
2022-12-29 11:00:00,3.896043e-05
2022-12-29 17:00:00,2.0646055e-05
2022-12-31 03:00:00,-4.5144073e-08
2022-12-31 12:00:00,0.00014422106
2022-12-31 22:00:00,-4.4236494e-08
2023-01-01 01:00:00,-4.314057e-08
2023-01-01 06:00:00,-4.532519e-08
2023-01-03 06:00:00,-4.9763287e-08
2023-01-06 00:00:00,-4.8286775e-08
2023-01-06 09:00:00,6.461746e-05
2023-01-06 14:00:00,0.00016974525
2023-01-07 09:00:00,6.6783374e-05
2023-01-08 08:00:00,6.0709085e-06
2023-01-09 02:00:00,-4.573721e-08
2023-01-11 11:00:00,8.2785366e-05
2023-01-12 19:00:00,-5.815206e-08
2023-01-13 20:00:00,-5.03622e-08
2023-01-13 21:00:00,-5.445014e-08
2023-01-14 15:00:00,2.3214321e-05
2023-01-17 17:00:00,4.1591422e-05
2023-01-18 10:00:00,0.00012620405
2023-01-19 07:00:00,-5.0903918e-08
2023-01-20 04:00:00,-5.421102e-08
2023-01-21 02:00:00,-5.133388e-08
2023-01-22 04:00:00,-5.7479784e-08
2023-01-23 11:00:00,0.0001749481
2023-01-23 18:00:00,-5.0168346e-08
2023-01-25 02:00:00,-5.5650343e-08
2023-01-25 05:00:00,-6.203506e-08
2023-01-25 08:00:00,1.4056598e-05
2023-01-25 13:00:00,0.00021679637
2023-01-25 22:00:00,-4.604433e-08
2023-01-26 19:00:00,-5.5333746e-08
2023-01-27 03:00:00,-5.683048e-08
2023-01-29 03:00:00,-4.1072525e-08
2023-01-29 08:00:00,1.5255761e-05
2023-01-31 18:00:00,2.5719507e-06
2023-02-03 11:00:00,0.000120318946
2023-02-05 16:00:00,0.00012500484
2023-02-06 13:00:00,0.00022337046
2023-02-06 22:00:00,-5.667407e-08
2023-02-07 06:00:00,-5.6656823e-08
2023-02-07 13:00:00,0.00023997706
2023-02-08 04:00:00,-5.9222025e-08
2023-02-09 00:00:00,-5.4640438e-08
2023-02-09 19:00:00,-5.6619548e-08
2023-02-10 03:00:00,-6.207563e-08
2023-02-10 06:00:00,-6.231658e-08
2023-02-10 16:00:00,0.00010903886
2023-02-12 08:00:00,1.2726607e-05
2023-02-12 19:00:00,-5.0638146e-08
2023-02-13 07:00:00,-3.5077505e-08
2023-02-16 06:00:00,-5.7375193e-08
2023-02-16 22:00:00,-4.382113e-08
2023-02-20 19:00:00,-5.520688e-08
2023-02-20 21:00:00,-5.8289025e-08
2023-02-21 20:00:00,-4.5408846e-08
2023-02-22 08:00:00,3.352926e-05
2023-02-25 22:00:00,-5.263928e-08
2023-02-26 10:00:00,0.00017682019
2023-02-27 22:00:00,-4.0439236e-08
2023-03-02 02:00:00,-5.6032416e-08
2023-03-02 21:00:00,-5.6225506e-08
2023-03-03 12:00:00,0.00026060888
2023-03-05 02:00:00,-4.777848e-08
2023-03-06 03:00:00,-4.816518e-08
2023-03-06 07:00:00,-4.95167e-08
2023-03-06 13:00:00,0.0002741908
2023-03-07 00:00:00,-5.653392e-08
2023-03-07 01:00:00,-5.7973207e-08
2023-03-08 04:00:00,-5.730657e-08
2023-03-10 09:00:00,9.897597e-05
2023-03-14 11:00:00,0.00021878914
2023-03-16 15:00:00,0.00023055026
2023-03-17 08:00:00,6.676546e-05
2023-03-20 19:00:00,-5.2698148e-08
2023-03-20 21:00:00,-5.263953e-08
2023-03-20 23:00:00,-4.718262e-08
2023-03-22 02:00:00,-4.5969895e-08
2023-03-26 11:00:00,0.0002702987
2023-03-27 15:00:00,0.00024955516
2023-03-27 20:00:00,-5.1129987e-08
2023-03-29 15:00:00,0.00024488493
2023-03-31 00:00:00,-4.444582e-08
2023-03-31 02:00:00,-4.5391953e-08
2023-03-31 06:00:00,-4.7271225e-08
2023-03-31 16:00:00,0.00017455578
2023-04-01 23:00:00,-6.4850866e-08
2023-04-02 17:00:00,0.0001270175
2023-04-05 04:00:00,-5.7498234e-08
2023-04-05 11:00:00,0.00028515555
2023-04-05 16:00:00,0.00020056822
2023-04-10 09:00:00,0.00017872393
2023-04-11 12:00:00,0.00031700218
2023-04-11 15:00:00,0.00026300998
2023-04-11 19:00:00,-4.5636817e-08
2023-04-12 22:00:00,-5.147363e-08
2023-04-13 08:00:00,9.868637e-05
2023-04-13 12:00:00,0.0003132573
2023-04-18 19:00:00,4.1192184e-06
2023-04-21 00:00:00,-5.4925504e-08
2023-04-21 10:00:00,0.0002547773
2023-04-21 20:00:00,-4.7055263e-08
2023-04-25 05:00:00,-4.025512e-08
2023-04-25 07:00:00,4.8195594e-05
2023-04-25 20:00:00,-4.6850847e-08
2023-04-27 20:00:00,-3.9377753e-08
2023-04-28 18:00:00,6.805226e-05
2023-04-30 07:00:00,5.4906923e-05
2023-05-03 15:00:00,0.00026681583
2023-05-06 16:00:00,0.0002166723
2023-05-07 07:00:00,6.137298e-05
2023-05-08 10:00:00,0.00026300602
2023-05-10 10:00:00,0.00026065612
2023-05-15 16:00:00,0.00021396861
2023-05-17 17:00:00,0.0001457555
2023-05-18 07:00:00,2.3925417e-05
2023-05-18 14:00:00,0.00023500183
2023-05-19 12:00:00,0.00030832083
2023-05-20 10:00:00,0.00022577053
2023-05-20 20:00:00,-6.142032e-08
2023-05-21 16:00:00,0.00021303177
2023-05-22 06:00:00,1.2054002e-05
2023-05-22 21:00:00,-6.430807e-08
2023-05-24 05:00:00,-5.132745e-08
2023-05-25 15:00:00,0.00027518786
2023-05-26 03:00:00,-5.776608e-08
2023-05-27 04:00:00,-5.591219e-08
2023-05-28 23:00:00,-6.5691616e-08
2023-05-30 04:00:00,-4.7661196e-08
2023-05-31 05:00:00,-5.5284183e-08
2023-05-31 15:00:00,0.00027135163
2023-06-01 09:00:00,0.00020563656
2023-06-04 22:00:00,-5.62611e-08
2023-06-08 14:00:00,0.0002851662
2023-06-10 19:00:00,2.8110475e-05
2023-06-11 19:00:00,2.6126221e-05
2023-06-12 14:00:00,0.00030722798
2023-06-13 06:00:00,1.5248863e-05
2023-06-13 17:00:00,0.00016543173
2023-06-14 14:00:00,0.00031517132
2023-06-15 02:00:00,-4.8780585e-08
2023-06-16 23:00:00,-5.2177857e-08
2023-06-19 05:00:00,-6.589988e-08
2023-06-19 13:00:00,0.00033024984
2023-06-19 22:00:00,-6.3611715e-08
2023-06-20 03:00:00,-5.836389e-08
2023-06-20 09:00:00,0.000209181
2023-06-20 17:00:00,0.00016661955
2023-06-21 17:00:00,0.00017106105
2023-06-22 04:00:00,-7.1928135e-08
2023-06-22 14:00:00,0.00032533467
2023-06-22 16:00:00,0.00023647
2023-06-24 02:00:00,-6.3686244e-08
2023-06-24 22:00:00,-6.5463276e-08
2023-06-25 04:00:00,-7.7205854e-08
2023-06-25 19:00:00,3.478033e-05
2023-06-26 00:00:00,-6.3713365e-08
2023-06-26 21:00:00,-5.2300138e-08
2023-06-28 00:00:00,-6.199445e-08
2023-06-28 03:00:00,-6.657873e-08
2023-06-28 06:00:00,1.4007605e-05
2023-06-28 08:00:00,0.00014451964
2023-06-29 01:00:00,-6.3812465e-08
2023-06-29 20:00:00,-4.3782165e-08
2023-07-01 04:00:00,-5.9040072e-08
2023-07-02 00:00:00,-5.3882317e-08
2023-07-02 18:00:00,9.6663214e-05
2023-07-04 07:00:00,6.9984664e-05
2023-07-05 09:00:00,0.00020878641
2023-07-06 07:00:00,6.829504e-05
2023-07-09 17:00:00,0.00016078768
2023-07-09 22:00:00,-4.9099214e-08
2023-07-12 07:00:00,6.0073362e-05
2023-07-13 11:00:00,0.0002885477
2023-07-15 09:00:00,0.00018059673
2023-07-15 22:00:00,-3.9472763e-08
2023-07-17 22:00:00,-4.8038093e-08
2023-07-19 11:00:00,0.00029129747
2023-07-19 20:00:00,-5.13788e-08
2023-07-20 02:00:00,-4.03573e-08
2023-07-20 21:00:00,-4.6820034e-08
2023-07-22 16:00:00,0.0001603057
2023-07-23 04:00:00,-3.6897667e-08
2023-07-24 05:00:00,-5.579631e-08
2023-07-24 06:00:00,5.069297e-06
2023-07-26 03:00:00,-3.8209247e-08
2023-07-26 07:00:00,5.268432e-05
2023-07-27 07:00:00,5.2028492e-05
2023-07-29 15:00:00,0.00021475862
2023-07-29 19:00:00,2.2896409e-05
2023-07-30 05:00:00,-4.5816336e-08
2023-07-30 06:00:00,1.9036587e-06
2023-07-30 07:00:00,3.7355756e-05
2023-08-03 05:00:00,-6.818121e-08
2023-08-07 16:00:00,0.0002049284
2023-08-08 10:00:00,0.00023322823
2023-08-08 17:00:00,9.466672e-05
2023-08-11 05:00:00,-5.9215818e-08
2023-08-11 19:00:00,1.56306e-05
2023-08-13 03:00:00,-4.6682807e-08
2023-08-14 01:00:00,-5.402509e-08
2023-08-16 03:00:00,-5.578441e-08
2023-08-16 05:00:00,-5.296226e-08
2023-08-17 10:00:00,0.00023275432
2023-08-17 11:00:00,0.00027737272
2023-08-18 02:00:00,-4.6481244e-08
2023-08-19 16:00:00,5.6802273e-05
2023-08-19 17:00:00,1.5214324e-05
2023-08-20 00:00:00,-4.2472262e-08
2023-08-20 09:00:00,4.027023e-05
2023-08-20 11:00:00,0.00017328464
2023-08-21 20:00:00,-6.4447626e-08
2023-08-22 02:00:00,-4.0111946e-08
2023-08-22 16:00:00,0.00012471726
2023-08-23 12:00:00,0.00029766257
2023-08-25 19:00:00,6.389741e-06
2023-08-26 00:00:00,-5.288927e-08
2023-08-26 06:00:00,-5.7695146e-08
2023-08-27 07:00:00,2.5137808e-05
2023-08-28 07:00:00,3.74007e-05
2023-08-28 13:00:00,0.000302723
2023-08-28 15:00:00,0.00024619815
2023-08-28 22:00:00,-3.9970324e-08
2023-08-29 08:00:00,0.00010548603
2023-08-30 15:00:00,0.00023769379
2023-08-31 02:00:00,-3.6145646e-08
2023-09-01 20:00:00,-4.848711e-08
2023-09-05 00:00:00,-5.0462877e-08
2023-09-05 19:00:00,-5.8287753e-08
2023-09-06 18:00:00,4.885556e-05
2023-09-07 08:00:00,9.988848e-05
2023-09-07 12:00:00,0.00029263258
2023-09-09 01:00:00,-5.25416e-08
2023-09-09 12:00:00,0.00028536172
2023-09-13 09:00:00,0.00017076013
2023-09-13 16:00:00,0.00018101183
2023-09-15 05:00:00,-5.155251e-08
2023-09-15 17:00:00,0.00010457543
2023-09-21 00:00:00,-5.4689895e-08
2023-09-22 15:00:00,0.00016939783
2023-09-23 18:00:00,2.3569082e-05
2023-09-24 13:00:00,0.0002857382
2023-09-26 00:00:00,-7.4065895e-08
2023-10-01 03:00:00,-4.6481908e-08
2023-10-02 01:00:00,-5.848587e-08
2023-10-02 03:00:00,-5.5329558e-08
2023-10-02 20:00:00,-7.28014e-08
2023-10-05 13:00:00,0.00026538578
2023-10-08 00:00:00,-5.1579722e-08
2023-10-09 13:00:00,0.00025908113
2023-10-12 18:00:00,4.751983e-06
2023-10-13 17:00:00,3.446537e-05
2023-10-14 13:00:00,0.00025710248
2023-10-16 18:00:00,-4.508383e-08
2023-10-17 18:00:00,-4.1184023e-08
2023-10-18 05:00:00,-6.650007e-08
2023-10-19 11:00:00,0.00022709066
2023-10-19 13:00:00,0.00024343618
2023-10-20 00:00:00,-4.7603177e-08
2023-10-22 07:00:00,6.0429493e-06
2023-10-23 04:00:00,-4.903261e-08
2023-10-23 10:00:00,0.00018325372
2023-10-23 20:00:00,-5.7881827e-08
2023-10-24 01:00:00,-5.0249895e-08
2023-10-25 14:00:00,0.00020783726
2023-10-25 18:00:00,-6.195861e-08
2023-10-26 12:00:00,0.00019998652
2023-10-29 05:00:00,-6.6371804e-08
2023-10-30 17:00:00,2.0030715e-05
2023-10-30 21:00:00,-4.902638e-08
2023-10-31 02:00:00,-4.4881688e-08
2023-11-01 12:00:00,0.00020241701
2023-11-01 23:00:00,-5.0405497e-08
2023-11-03 01:00:00,-4.793132e-08
2023-11-05 07:00:00,-4.9937537e-08
2023-11-09 09:00:00,0.00010873401
2023-11-10 08:00:00,4.8267462e-05
2023-11-10 21:00:00,-3.929249e-08
2023-11-11 04:00:00,-4.5538133e-08
2023-11-11 09:00:00,0.000107848755
2023-11-12 05:00:00,-5.9737694e-08
2023-11-14 01:00:00,-6.494805e-08
2023-11-14 12:00:00,0.00017267237
2023-11-16 09:00:00,7.93004e-05
2023-11-17 16:00:00,8.280543e-05
2023-11-18 15:00:00,0.00013628688
2023-11-18 19:00:00,-6.334207e-08
2023-11-20 23:00:00,-5.7465883e-08
2023-11-21 08:00:00,3.486772e-05
2023-11-22 06:00:00,-6.5476634e-08
2023-11-22 23:00:00,-5.8755685e-08
2023-11-23 06:00:00,-5.6899864e-08
2023-11-23 18:00:00,-5.2790828e-08
2023-11-24 20:00:00,-6.389147e-08
2023-11-24 23:00:00,-5.7333025e-08
2023-11-25 14:00:00,0.00018003704
2023-11-26 01:00:00,-5.6238957e-08
2023-11-26 21:00:00,-5.6342305e-08
2023-11-28 23:00:00,-5.9836744e-08
2023-11-29 00:00:00,-5.7650194e-08
2023-11-29 19:00:00,-6.039482e-08
2023-11-30 12:00:00,7.54707e-05
2023-12-01 01:00:00,-4.825624e-08
2023-12-01 22:00:00,-5.533437e-08
2023-12-02 13:00:00,0.00019244113
2023-12-03 16:00:00,5.055219e-05
2023-12-03 19:00:00,-6.3174404e-08
2023-12-05 16:00:00,7.551662e-05
2023-12-06 07:00:00,-6.338167e-08
2023-12-08 20:00:00,-6.024064e-08
2023-12-10 14:00:00,0.00017106516
2023-12-11 03:00:00,-4.7295213e-08
2023-12-11 06:00:00,-6.0384856e-08
2023-12-12 21:00:00,-4.123382e-08
2023-12-12 22:00:00,-4.3988273e-08
2023-12-15 00:00:00,-6.101185e-08
2023-12-15 08:00:00,1.6201306e-05
2023-12-15 16:00:00,7.960263e-05
2023-12-16 22:00:00,-5.5459466e-08
2023-12-18 09:00:00,6.872755e-05
2023-12-18 14:00:00,0.00011002622
2023-12-19 16:00:00,6.515042e-05
2023-12-21 16:00:00,4.280194e-05
2023-12-22 23:00:00,-5.2916924e-08
2023-12-23 02:00:00,-5.6579207e-08
2023-12-23 18:00:00,-5.2528303e-08
2023-12-24 13:00:00,0.00018362439
2023-12-26 11:00:00,0.000119301614
2023-12-27 03:00:00,-6.302051e-08
2023-12-27 14:00:00,0.0001693653
2023-12-30 08:00:00,7.9039555e-06
