datetime,wind_power_mw
2018-01-02 01:00:00,2.4337382e-06
2018-01-02 04:00:00,3.0333692e-06
2018-01-03 16:00:00,2.4369879e-06
2018-01-04 14:00:00,1.0902646e-05
2018-01-07 00:00:00,3.035102e-06
2018-01-09 07:00:00,4.938219e-05
2018-01-12 19:00:00,4.3972627e-06
2018-01-12 22:00:00,6.1665564e-06
2018-01-12 23:00:00,7.2192693e-06
2018-01-13 05:00:00,1.4012033e-05
2018-01-13 07:00:00,1.7642098e-05
2018-01-13 16:00:00,1.4012734e-05
2018-01-13 18:00:00,6.167094e-06
2018-01-14 02:00:00,9.577089e-06
2018-01-14 12:00:00,1.9679734e-05
2018-01-15 18:00:00,1.967142e-06
2018-01-15 19:00:00,1.966888e-06
2018-01-17 08:00:00,4.1913623e-05
2018-01-17 14:00:00,2.943894e-05
2018-01-18 14:00:00,8.321505e-06
2018-01-20 06:00:00,7.2246444e-06
2018-01-21 01:00:00,5.224852e-06
2018-01-22 05:00:00,7.223994e-06
2018-01-22 09:00:00,2.419678e-05
2018-01-22 22:00:00,5.2269047e-06
2018-01-23 08:00:00,4.5575172e-05
2018-01-24 10:00:00,6.65988e-05
2018-01-24 21:00:00,3.035698e-06
2018-01-25 03:00:00,2.4340036e-06
2018-01-25 23:00:00,3.8488186e-05
2018-01-26 11:00:00,5.3332784e-05
2018-01-29 05:00:00,3.849202e-05
2018-01-29 18:00:00,5.2280807e-06
2018-01-29 23:00:00,1.0905217e-05
2018-02-02 15:00:00,1.1011216e-07
2018-02-05 11:00:00,4.267277e-07
2018-02-05 15:00:00,9.149454e-07
2018-02-07 04:00:00,1.5746842e-05
2018-02-09 12:00:00,5.2248415e-06
2018-02-10 12:00:00,1.0896621e-05
2018-02-15 08:00:00,1.2402999e-05
2018-02-15 12:00:00,1.7630422e-05
2018-02-15 23:00:00,1.9635704e-06
2018-02-16 20:00:00,3.0348072e-06
2018-02-18 00:00:00,1.1889048e-06
2018-02-18 23:00:00,6.1626356e-06
2018-02-19 11:00:00,0.00023382856
2018-02-21 05:00:00,1.9643792e-06
2018-02-21 20:00:00,1.1895703e-06
2018-02-23 13:00:00,0.00018513363
2018-02-23 22:00:00,5.335001e-05
2018-02-25 13:00:00,4.1898267e-05
2018-02-26 14:00:00,1.5765736e-05
2018-02-26 21:00:00,5.2247606e-06
2018-02-27 19:00:00,3.6915146e-06
2018-02-28 14:00:00,8.3322375e-06
2018-02-28 19:00:00,1.9662382e-06
2018-02-28 23:00:00,2.4331366e-06
2018-03-04 11:00:00,5.7549114e-05
2018-03-06 04:00:00,6.169675e-06
2018-03-06 17:00:00,9.052922e-07
2018-03-07 16:00:00,1.9660238e-06
2018-03-08 02:00:00,3.694462e-06
2018-03-08 03:00:00,3.0355018e-06
2018-03-08 14:00:00,1.5768683e-05
2018-03-11 23:00:00,1.519584e-06
2018-03-12 21:00:00,1.9660724e-06
2018-03-16 20:00:00,7.214279e-06
2018-03-18 04:00:00,6.1674973e-06
2018-03-18 10:00:00,1.23828295e-05
2018-03-20 02:00:00,2.4328808e-06
2018-03-21 20:00:00,4.2882874e-07
2018-03-22 13:00:00,4.9395738e-05
2018-03-22 15:00:00,9.935294e-05
2018-03-23 18:00:00,4.2853335e-07
2018-03-24 17:00:00,2.6749678e-05
2018-03-26 09:00:00,0.00014152228
2018-03-26 12:00:00,5.3327803e-05
2018-03-26 21:00:00,1.2395376e-05
2018-03-28 17:00:00,1.9682702e-05
2018-03-29 16:00:00,5.222884e-06
2018-03-29 23:00:00,4.2671266e-07
2018-04-01 04:00:00,1.9854556e-07
2018-04-01 21:00:00,4.3945183e-06
2018-04-03 03:00:00,5.219065e-06
2018-04-04 09:00:00,1.2380561e-05
2018-04-04 11:00:00,1.5750273e-05
2018-04-04 15:00:00,8.3358655e-06
2018-04-05 22:00:00,3.6886345e-06
2018-04-08 01:00:00,1.7610424e-05
2018-04-09 03:00:00,1.5207733e-06
2018-04-10 18:00:00,1.1887852e-06
2018-04-11 16:00:00,7.136668e-05
2018-04-12 11:00:00,0.00024008096
2018-04-13 07:00:00,0.0001190972
2018-04-14 10:00:00,2.6782223e-05
2018-04-17 04:00:00,5.2159426e-06
2018-04-18 08:00:00,9.10101e-07
2018-04-18 23:00:00,3.035166e-06
2018-04-19 03:00:00,3.6868264e-06
2018-04-20 16:00:00,2.1830243e-05
2018-04-22 02:00:00,1.5216277e-06
2018-04-22 08:00:00,1.5761221e-05
2018-04-26 06:00:00,3.0317594e-06
2018-04-27 08:00:00,3.2358756e-05
2018-04-27 20:00:00,1.2382605e-05
2018-04-30 05:00:00,6.162977e-06
2018-04-30 18:00:00,2.6756892e-05
2018-05-02 11:00:00,2.6755959e-05
2018-05-03 14:00:00,9.5729065e-06
2018-05-05 05:00:00,6.1561263e-06
2018-05-05 09:00:00,1.4030107e-05
2018-05-06 12:00:00,8.334618e-06
2018-05-06 19:00:00,7.217914e-06
2018-05-06 23:00:00,2.4314688e-06
2018-05-10 09:00:00,6.186579e-05
2018-05-12 01:00:00,2.676922e-05
2018-05-13 02:00:00,1.761631e-05
2018-05-15 06:00:00,1.2392502e-05
2018-05-15 21:00:00,2.4345811e-06
2018-05-17 12:00:00,6.184407e-05
2018-05-18 01:00:00,2.9465535e-05
2018-05-20 18:00:00,7.661902e-05
2018-05-22 05:00:00,1.4025885e-05
2018-05-23 17:00:00,4.1922693e-05
2018-05-24 02:00:00,1.1875386e-06
2018-05-24 11:00:00,4.563297e-05
2018-05-24 12:00:00,6.183204e-05
2018-05-24 17:00:00,6.6605724e-05
2018-05-24 22:00:00,1.9677898e-05
2018-05-25 16:00:00,7.14541e-05
2018-05-27 14:00:00,3.0355334e-06
2018-05-28 06:00:00,8.324954e-06
2018-05-28 15:00:00,1.9653214e-06
2018-05-31 08:00:00,1.7618717e-05
2018-05-31 10:00:00,7.2101475e-06
2018-05-31 14:00:00,2.9457882e-05
2018-05-31 19:00:00,1.5765863e-05
2018-06-01 00:00:00,1.4015969e-05
2018-06-01 19:00:00,9.0955587e-07
2018-06-03 02:00:00,1.5171586e-06
2018-06-04 23:00:00,1.9680803e-05
2018-06-05 07:00:00,5.3382802e-05
2018-06-05 16:00:00,6.6608176e-05
2018-06-06 00:00:00,1.5127097e-06
2018-06-06 08:00:00,1.4008753e-05
2018-06-06 10:00:00,1.4010519e-05
2018-06-07 08:00:00,4.3901064e-06
2018-06-09 01:00:00,9.0488174e-07
2018-06-09 23:00:00,6.153105e-06
2018-06-10 20:00:00,1.9620904e-06
2018-06-12 10:00:00,7.21777e-06
2018-06-12 20:00:00,7.215381e-06
2018-06-13 01:00:00,9.01379e-07
2018-06-16 16:00:00,1.5757954e-05
2018-06-18 15:00:00,1.4011398e-05
2018-06-19 12:00:00,4.3968184e-06
2018-06-19 16:00:00,1.4010414e-05
2018-06-20 02:00:00,4.248169e-07
2018-06-21 18:00:00,4.9381415e-05
2018-06-22 11:00:00,4.3992977e-06
2018-06-22 20:00:00,4.1952397e-05
2018-06-23 14:00:00,0.0002088095
2018-06-24 11:00:00,8.322539e-06
2018-06-27 02:00:00,2.762919e-07
2018-06-28 08:00:00,5.216925e-06
2018-06-28 21:00:00,7.211375e-06
2018-06-30 03:00:00,1.1871164e-06
2018-07-01 05:00:00,2.7623813e-07
2018-07-01 17:00:00,2.4157338e-05
2018-07-01 21:00:00,6.146748e-06
2018-07-05 21:00:00,3.0330887e-06
2018-07-08 12:00:00,0.00011253606
2018-07-09 01:00:00,2.4166247e-05
2018-07-09 15:00:00,5.3356718e-05
2018-07-11 08:00:00,1.2404455e-05
2018-07-11 09:00:00,1.5769972e-05
2018-07-13 19:00:00,1.967672e-05
2018-07-14 07:00:00,2.4316141e-06
2018-07-14 17:00:00,8.737863e-05
2018-07-15 20:00:00,3.0318863e-06
2018-07-17 02:00:00,1.5740467e-05
2018-07-18 20:00:00,1.577137e-05
2018-07-19 14:00:00,3.53595e-05
2018-07-23 00:00:00,5.2208234e-06
2018-07-23 09:00:00,6.350425e-07
2018-07-25 20:00:00,2.1845508e-05
2018-07-26 13:00:00,1.0900768e-05
2018-07-27 22:00:00,4.558791e-05
2018-07-27 23:00:00,1.9678437e-05
2018-07-30 05:00:00,4.3948385e-06
2018-07-30 07:00:00,4.3932864e-06
2018-07-30 20:00:00,8.187392e-05
2018-08-01 02:00:00,1.958721e-06
2018-08-04 21:00:00,1.7623759e-05
2018-08-05 05:00:00,2.7740327e-07
2018-08-06 03:00:00,4.2572154e-07
2018-08-06 20:00:00,6.184588e-05
2018-08-06 22:00:00,3.2344346e-05
2018-08-07 08:00:00,0.00013383258
2018-08-08 19:00:00,8.7402106e-05
2018-08-08 22:00:00,3.8502487e-05
2018-08-08 23:00:00,1.4021391e-05
2018-08-10 07:00:00,2.42979e-06
2018-08-11 14:00:00,3.6968609e-06
2018-08-12 03:00:00,1.5174282e-06
2018-08-12 16:00:00,4.1930398e-05
2018-08-14 01:00:00,6.1530804e-06
2018-08-14 05:00:00,9.111255e-07
2018-08-20 03:00:00,3.027163e-06
2018-08-23 05:00:00,1.1883797e-06
2018-08-24 22:00:00,3.8499522e-05
2018-08-27 11:00:00,5.224822e-06
2018-08-29 13:00:00,5.2286296e-06
2018-08-29 15:00:00,8.324269e-06
2018-08-30 04:00:00,9.12626e-07
2018-08-31 13:00:00,7.1393144e-05
2018-09-04 06:00:00,1.1867967e-06
2018-09-04 12:00:00,7.139019e-05
2018-09-06 16:00:00,1.7612285e-05
2018-09-07 13:00:00,1.5241841e-06
2018-09-07 14:00:00,1.1884116e-06
2018-09-07 23:00:00,2.431069e-06
2018-09-10 05:00:00,6.3476966e-07
2018-09-10 07:00:00,1.0901546e-05
2018-09-10 16:00:00,3.8503124e-05
2018-09-10 21:00:00,5.2189976e-06
2018-09-11 11:00:00,1.5753147e-05
2018-09-11 15:00:00,3.8497095e-05
2018-09-12 05:00:00,9.0736927e-07
2018-09-12 14:00:00,1.7615253e-05
2018-09-12 18:00:00,1.9615106e-06
2018-09-13 04:00:00,1.1857286e-06
2018-09-15 19:00:00,4.940981e-05
2018-09-16 03:00:00,6.311074e-07
2018-09-16 15:00:00,1.967806e-05
2018-09-17 06:00:00,1.5166124e-06
2018-09-18 02:00:00,7.206743e-06
2018-09-18 12:00:00,1.40242555e-05
2018-09-19 10:00:00,3.2348282e-05
2018-09-19 20:00:00,0.0001338235
2018-09-19 22:00:00,5.3362488e-05
2018-09-22 11:00:00,9.573358e-06
2018-09-23 18:00:00,1.7621045e-05
2018-09-27 00:00:00,1.512859e-06
2018-09-30 06:00:00,9.13426e-07
2018-10-02 06:00:00,2.9507186e-05
2018-10-02 10:00:00,3.236857e-05
2018-10-05 00:00:00,7.2130465e-06
2018-10-05 11:00:00,9.573176e-06
2018-10-05 17:00:00,7.2092826e-06
2018-10-08 03:00:00,2.779313e-07
2018-10-08 22:00:00,4.2586086e-07
2018-10-09 11:00:00,1.9641286e-06
2018-10-09 19:00:00,2.1841328e-05
2018-10-11 12:00:00,2.9466786e-05
2018-10-11 13:00:00,3.5345965e-05
2018-10-12 04:00:00,5.2220958e-06
2018-10-12 18:00:00,4.274991e-07
2018-10-13 12:00:00,5.334839e-05
2018-10-15 19:00:00,2.945599e-05
2018-10-17 04:00:00,8.329755e-06
2018-10-17 17:00:00,1.0885841e-05
2018-10-18 06:00:00,8.329409e-06
2018-10-19 03:00:00,1.2386393e-05
2018-10-23 05:00:00,1.5196129e-06
2018-10-23 19:00:00,1.962191e-06
2018-10-25 07:00:00,6.37165e-07
2018-10-27 10:00:00,5.219013e-06
2018-10-27 16:00:00,2.7852542e-07
2018-10-28 09:00:00,9.564775e-06
2018-10-28 18:00:00,2.7581504e-07
2018-10-29 05:00:00,3.0307683e-06
2018-10-31 10:00:00,0.0002319979
2018-10-31 14:00:00,0.00017194451
2018-11-01 04:00:00,3.6877655e-06
2018-11-04 02:00:00,9.575682e-06
2018-11-05 21:00:00,3.688483e-06
2018-11-06 03:00:00,9.1497816e-07
2018-11-10 20:00:00,1.5170357e-06
2018-11-10 23:00:00,2.4306516e-06
2018-11-11 08:00:00,1.964441e-06
2018-11-14 01:00:00,1.2415897e-05
2018-11-15 05:00:00,6.1591527e-06
2018-11-16 02:00:00,6.3537465e-07
2018-11-17 01:00:00,1.1801951e-06
2018-11-19 07:00:00,5.2154646e-06
2018-11-19 19:00:00,1.5235341e-06
2018-11-21 11:00:00,1.2389507e-05
2018-11-21 20:00:00,1.5252222e-06
2018-11-24 23:00:00,9.1103635e-07
2018-11-25 20:00:00,1.40283155e-05
2018-11-26 19:00:00,3.0338051e-06
2018-11-27 12:00:00,1.963147e-06
2018-11-29 02:00:00,4.3071836e-07
2018-12-02 02:00:00,3.6885474e-06
2018-12-02 09:00:00,4.937235e-05
2018-12-02 21:00:00,2.4339845e-06
2018-12-03 07:00:00,3.6915708e-06
2018-12-05 10:00:00,4.3017792e-07
2018-12-06 15:00:00,1.7628783e-05
2018-12-06 19:00:00,2.9465453e-05
2018-12-07 14:00:00,3.2356653e-05
2018-12-08 08:00:00,7.2201183e-06
2018-12-08 14:00:00,1.1954207e-06
2018-12-09 20:00:00,1.9650502e-06
2018-12-10 05:00:00,8.3338455e-06
2018-12-10 08:00:00,8.332333e-06
2018-12-10 23:00:00,2.4288333e-06
2018-12-12 13:00:00,7.209201e-06
2018-12-13 01:00:00,2.1839425e-05
2018-12-14 12:00:00,1.57485e-05
2018-12-14 18:00:00,1.9659797e-06
2018-12-15 15:00:00,7.209114e-06
2018-12-16 14:00:00,3.032917e-06
2018-12-17 02:00:00,2.4287376e-06
2018-12-18 17:00:00,1.5318109e-06
2018-12-20 21:00:00,1.191263e-06
2018-12-21 09:00:00,3.0355234e-06
2018-12-21 16:00:00,6.3899085e-07
2018-12-22 13:00:00,6.1555784e-06
2018-12-23 14:00:00,4.309764e-07
2018-12-24 23:00:00,9.125002e-07
2018-12-25 06:00:00,1.1910337e-06
2018-12-25 10:00:00,0.000119198565
2018-12-26 11:00:00,0.00015747201
2018-12-26 16:00:00,2.4159812e-05
2018-12-29 22:00:00,1.24044045e-05
2018-12-31 08:00:00,1.9646695e-06
2018-12-31 20:00:00,4.258666e-07
2019-01-01 11:00:00,0.000105729305
2019-01-02 05:00:00,4.9320955e-05
2019-01-02 18:00:00,9.121794e-07
2019-01-03 15:00:00,1.2385957e-05
2019-01-03 22:00:00,1.519101e-06
2019-01-05 22:00:00,4.3209943e-07
2019-01-06 19:00:00,1.979018e-07
2019-01-08 20:00:00,1.9647373e-06
2019-01-09 04:00:00,1.9624938e-06
2019-01-09 15:00:00,1.094857e-07
2019-01-12 02:00:00,3.6909025e-06
2019-01-16 03:00:00,1.9640936e-06
2019-01-17 04:00:00,9.157547e-07
2019-01-18 11:00:00,7.6626246e-05
2019-01-18 23:00:00,1.9664827e-05
2019-01-21 12:00:00,0.00023189418
2019-01-24 19:00:00,3.6928186e-06
2019-01-24 22:00:00,9.580707e-06
2019-01-25 09:00:00,3.2340165e-05
2019-01-27 22:00:00,2.4366973e-06
2019-01-28 19:00:00,2.4380388e-06
2019-01-30 12:00:00,1.9518619e-07
2019-01-31 06:00:00,2.4325886e-06
2019-01-31 11:00:00,5.3373325e-05
2019-02-01 14:00:00,5.2216396e-06
2019-02-01 17:00:00,9.1983117e-07
2019-02-02 05:00:00,8.340249e-06
2019-02-02 12:00:00,0.0001817764
2019-02-02 14:00:00,0.00023192119
2019-02-02 22:00:00,0.00010579712
2019-02-03 05:00:00,1.1909965e-06
2019-02-03 09:00:00,2.6757592e-05
2019-02-03 19:00:00,4.3564762e-07
2019-02-05 16:00:00,9.939126e-05
2019-02-06 10:00:00,7.649907e-05
2019-02-07 06:00:00,1.9644203e-06
2019-02-08 07:00:00,2.43602e-06
2019-02-08 11:00:00,1.5224939e-06
2019-02-08 17:00:00,1.1330025e-07
2019-02-11 08:00:00,4.1876527e-05
2019-02-12 06:00:00,3.688728e-06
2019-02-13 05:00:00,2.435222e-06
2019-02-13 17:00:00,6.402702e-07
2019-02-14 15:00:00,0.00015728766
2019-02-16 00:00:00,8.3355535e-06
2019-02-17 12:00:00,0.00014964065
2019-02-17 20:00:00,1.7625369e-05
2019-02-19 11:00:00,7.64849e-05
2019-02-20 05:00:00,6.903812e-08
2019-02-21 21:00:00,7.2296184e-06
2019-02-21 22:00:00,8.339308e-06
2019-02-22 11:00:00,6.657227e-05
2019-02-22 21:00:00,9.1390143e-07
2019-02-23 23:00:00,1.961679e-06
2019-02-24 23:00:00,1.963934e-06
2019-02-26 15:00:00,1.238576e-05
2019-02-26 16:00:00,3.0358608e-06
2019-02-27 17:00:00,6.358023e-07
2019-02-28 22:00:00,4.397242e-06
2019-03-03 00:00:00,2.4292306e-06
2019-03-04 10:00:00,2.1841735e-05
2019-03-04 19:00:00,1.5287037e-06
2019-03-06 04:00:00,5.219406e-06
2019-03-06 18:00:00,1.2390156e-05
2019-03-07 17:00:00,2.9475346e-05
2019-03-09 15:00:00,3.0398173e-06
2019-03-11 03:00:00,4.3955492e-06
2019-03-12 15:00:00,3.848071e-05
2019-03-13 07:00:00,1.2409405e-05
2019-03-13 12:00:00,0.00016399605
2019-03-14 12:00:00,0.00022979431
2019-03-16 18:00:00,1.5244369e-06
2019-03-17 12:00:00,2.1845743e-05
2019-03-20 12:00:00,8.323988e-06
2019-03-21 14:00:00,3.536262e-05
2019-03-21 19:00:00,8.325673e-06
2019-03-22 15:00:00,1.1907612e-06
2019-03-25 17:00:00,1.9914246e-07
2019-03-26 14:00:00,5.2209098e-06
2019-03-27 16:00:00,1.5274745e-06
2019-03-30 03:00:00,1.4011145e-05
2019-04-03 06:00:00,3.0306073e-06
2019-04-04 01:00:00,2.7774604e-07
2019-04-05 00:00:00,7.2157122e-06
2019-04-05 02:00:00,1.4010209e-05
2019-04-05 19:00:00,3.238151e-05
2019-04-07 07:00:00,3.688174e-06
2019-04-08 01:00:00,3.6875172e-06
2019-04-08 19:00:00,1.1901458e-06
2019-04-09 14:00:00,0.00023749759
2019-04-10 12:00:00,0.0002039839
2019-04-12 09:00:00,5.7551966e-05
2019-04-16 20:00:00,3.5383153e-05
2019-04-17 04:00:00,2.677041e-05
2019-04-17 12:00:00,8.734506e-05
2019-04-17 19:00:00,3.688665e-06
2019-04-19 22:00:00,4.3933364e-06
2019-04-20 22:00:00,5.7558875e-05
2019-04-21 14:00:00,2.944453e-05
2019-04-23 09:00:00,7.143925e-05
2019-04-23 19:00:00,6.3543524e-07
2019-04-24 09:00:00,1.9651723e-06
2019-04-25 19:00:00,6.159077e-06
2019-04-26 13:00:00,7.656509e-05
2019-04-26 18:00:00,1.5742127e-05
2019-04-27 10:00:00,3.6908177e-06
2019-04-28 11:00:00,5.336197e-05
2019-04-30 04:00:00,1.9625331e-06
2019-05-01 09:00:00,1.7618924e-05
2019-05-01 15:00:00,8.320652e-06
2019-05-03 15:00:00,1.0901291e-05
2019-05-04 13:00:00,1.2395045e-05
2019-05-05 06:00:00,8.326112e-06
2019-05-06 04:00:00,3.0310011e-06
2019-05-06 05:00:00,2.4298085e-06
2019-05-06 07:00:00,4.940631e-05
2019-05-07 23:00:00,3.536671e-05
2019-05-09 05:00:00,2.8162177e-07
2019-05-10 03:00:00,1.2399497e-05
2019-05-11 02:00:00,4.295285e-07
2019-05-14 00:00:00,3.0305512e-06
2019-05-15 07:00:00,4.3914306e-06
2019-05-17 16:00:00,0.00010578498
2019-05-17 23:00:00,5.7560588e-05
2019-05-19 19:00:00,0.00010581635
2019-05-20 20:00:00,9.9450575e-05
2019-05-21 16:00:00,0.00026004642
2019-05-22 18:00:00,0.00015725261
2019-05-22 19:00:00,0.00012626742
2019-05-25 15:00:00,0.00014143257
2019-05-25 19:00:00,3.8512957e-05
2019-05-26 06:00:00,3.536708e-05
2019-05-27 04:00:00,1.7619834e-05
2019-05-27 18:00:00,8.190551e-05
2019-05-27 19:00:00,5.3379306e-05
2019-05-28 18:00:00,7.214226e-06
2019-05-28 19:00:00,1.1862088e-06
2019-05-29 06:00:00,3.0320575e-06
2019-05-30 09:00:00,9.568782e-06
2019-05-31 23:00:00,6.147055e-06
2019-06-01 07:00:00,1.23889895e-05
2019-06-01 14:00:00,0.00012635758
2019-06-02 17:00:00,2.41738e-05
2019-06-04 00:00:00,7.211704e-06
2019-06-05 14:00:00,7.656384e-05
2019-06-07 01:00:00,5.217783e-06
2019-06-07 21:00:00,1.23743675e-05
2019-06-08 21:00:00,1.4007929e-05
2019-06-09 00:00:00,5.2161467e-06
2019-06-12 16:00:00,2.9468065e-05
2019-06-12 23:00:00,6.155607e-06
2019-06-13 01:00:00,5.2254945e-06
2019-06-13 04:00:00,4.3934892e-06
2019-06-13 15:00:00,2.6776235e-05
2019-06-15 03:00:00,3.6858805e-06
2019-06-15 06:00:00,1.9612505e-06
2019-06-17 06:00:00,4.3921273e-06
2019-06-17 15:00:00,3.534997e-05
2019-06-18 11:00:00,2.9466491e-05
2019-06-18 18:00:00,1.7622526e-05
2019-06-19 23:00:00,8.312059e-06
2019-06-20 04:00:00,4.272396e-07
2019-06-20 06:00:00,1.5184339e-06
2019-06-20 17:00:00,8.7303124e-05
2019-06-22 02:00:00,4.5615117e-05
2019-06-23 14:00:00,1.2396866e-05
2019-06-23 18:00:00,7.2183398e-06
2019-06-24 13:00:00,3.53572e-05
2019-06-25 06:00:00,3.2366475e-05
2019-06-25 12:00:00,0.00017199686
2019-06-25 16:00:00,0.00014951048
2019-06-27 01:00:00,1.9613026e-06
2019-06-28 09:00:00,1.9637528e-06
2019-06-28 14:00:00,1.2395162e-05
2019-07-01 23:00:00,3.6858332e-06
2019-07-03 03:00:00,1.5181769e-06
2019-07-03 18:00:00,3.5355242e-05
2019-07-04 12:00:00,9.5771375e-06
2019-07-07 08:00:00,4.3927926e-06
2019-07-10 12:00:00,8.329466e-06
2019-07-10 22:00:00,4.391748e-06
2019-07-11 01:00:00,3.6860808e-06
2019-07-12 21:00:00,1.40146285e-05
2019-07-14 13:00:00,6.659772e-05
2019-07-17 14:00:00,8.187427e-05
2019-07-17 22:00:00,7.210127e-06
2019-07-18 09:00:00,3.6880272e-06
2019-07-18 14:00:00,1.9672781e-05
2019-07-19 15:00:00,1.4024902e-05
2019-07-20 02:00:00,6.145747e-06
2019-07-21 00:00:00,3.680408e-06
2019-07-21 04:00:00,1.182162e-06
2019-07-24 20:00:00,4.9404654e-05
2019-07-25 00:00:00,2.4190938e-05
2019-07-25 22:00:00,2.677728e-05
2019-07-29 06:00:00,8.338285e-06
2019-07-30 16:00:00,8.19071e-05
2019-08-03 17:00:00,5.7547535e-05
2019-08-04 17:00:00,2.1859629e-05
2019-08-05 14:00:00,2.41808e-05
2019-08-06 08:00:00,5.3386502e-05
2019-08-08 15:00:00,4.558406e-05
2019-08-09 06:00:00,4.2713538e-07
2019-08-10 00:00:00,6.3178516e-07
2019-08-10 15:00:00,2.6770222e-05
2019-08-12 09:00:00,8.331305e-06
2019-08-13 12:00:00,9.5780815e-06
2019-08-13 21:00:00,4.3919867e-06
2019-08-13 22:00:00,2.4341418e-06
2019-08-14 13:00:00,6.1625656e-06
2019-08-16 21:00:00,2.6772797e-05
2019-08-17 00:00:00,3.681436e-06
2019-08-18 08:00:00,8.327604e-06
2019-08-19 06:00:00,6.3463557e-07
2019-08-20 07:00:00,2.1839094e-05
2019-08-25 00:00:00,1.9688492e-05
2019-08-25 02:00:00,8.338921e-06
2019-08-25 05:00:00,6.1620326e-06
2019-08-26 15:00:00,2.4188972e-05
2019-08-27 12:00:00,1.40155e-05
2019-08-28 03:00:00,1.9565634e-06
2019-08-28 09:00:00,9.575901e-06
2019-08-28 15:00:00,8.734161e-05
2019-08-29 18:00:00,2.9471688e-05
2019-08-30 20:00:00,2.6787206e-05
2019-09-02 00:00:00,3.2353237e-05
2019-09-02 19:00:00,2.43296e-06
2019-09-05 00:00:00,1.575739e-05
2019-09-06 22:00:00,2.6757407e-05
2019-09-08 10:00:00,2.1819878e-05
2019-09-13 22:00:00,2.4331632e-06
2019-09-14 16:00:00,9.579229e-06
2019-09-14 21:00:00,5.226003e-06
2019-09-15 10:00:00,1.9682424e-05
2019-09-16 17:00:00,8.330203e-06
2019-09-17 06:00:00,7.0755945e-08
2019-09-17 15:00:00,1.0901167e-05
2019-09-18 05:00:00,1.5144877e-06
2019-09-21 13:00:00,6.314608e-07
2019-09-21 22:00:00,6.293961e-07
2019-09-22 23:00:00,5.220719e-06
2019-09-23 08:00:00,4.5627323e-05
2019-09-26 15:00:00,8.331724e-06
2019-09-27 19:00:00,1.5223319e-06
2019-10-04 04:00:00,1.1866555e-06
2019-10-05 07:00:00,1.1893408e-06
2019-10-05 19:00:00,4.279087e-07
2019-10-08 14:00:00,4.398943e-06
2019-10-10 04:00:00,2.9475772e-05
2019-10-10 20:00:00,5.748218e-05
2019-10-11 09:00:00,7.649777e-05
2019-10-12 15:00:00,3.6916113e-06
2019-10-15 01:00:00,2.4305973e-06
2019-10-15 03:00:00,2.4330618e-06
2019-10-17 17:00:00,1.7631468e-05
2019-10-17 20:00:00,4.5601915e-05
2019-10-19 06:00:00,1.9618308e-06
2019-10-19 12:00:00,8.338001e-06
2019-10-22 21:00:00,4.391874e-06
2019-10-23 05:00:00,6.159108e-06
2019-10-23 11:00:00,4.1923668e-05
2019-10-24 08:00:00,0.00011923345
2019-10-25 03:00:00,3.85033e-05
2019-10-25 21:00:00,2.4311187e-06
2019-10-27 18:00:00,1.0907135e-05
2019-10-29 02:00:00,1.5182321e-06
2019-10-29 06:00:00,9.045099e-07
2019-10-29 15:00:00,8.317499e-06
2019-10-29 18:00:00,4.281465e-07
2019-10-30 08:00:00,0.00020385126
2019-10-30 10:00:00,0.00023001245
2019-10-30 12:00:00,0.00014161314
2019-11-02 23:00:00,6.16853e-06
2019-11-03 16:00:00,1.1923372e-06
2019-11-06 04:00:00,4.2892052e-07
2019-11-06 08:00:00,1.965802e-06
2019-11-06 10:00:00,4.3911464e-06
2019-11-09 15:00:00,1.4013561e-05
2019-11-10 03:00:00,1.9625495e-06
2019-11-11 06:00:00,1.1873213e-06
2019-11-11 08:00:00,3.0342724e-06
2019-11-11 15:00:00,9.118499e-07
2019-11-12 04:00:00,1.5190367e-06
2019-11-13 04:00:00,1.0893713e-05
2019-11-13 16:00:00,1.5233873e-06
2019-11-13 19:00:00,1.0928712e-07
2019-11-13 20:00:00,1.0847167e-07
2019-11-16 02:00:00,1.9633794e-06
2019-11-20 00:00:00,4.188173e-05
2019-11-21 21:00:00,1.5261812e-06
2019-11-22 13:00:00,1.0887606e-05
2019-11-24 06:00:00,1.2392507e-05
2019-11-24 07:00:00,9.574719e-06
2019-11-24 22:00:00,3.6912486e-06
2019-11-25 18:00:00,1.7629802e-05
2019-11-27 07:00:00,1.089953e-05
2019-12-01 06:00:00,3.035458e-06
2019-12-03 08:00:00,9.166463e-07
2019-12-04 00:00:00,1.5184742e-06
2019-12-07 21:00:00,2.8125004e-07
2019-12-08 02:00:00,6.397195e-07
2019-12-12 13:00:00,3.6882464e-06
2019-12-13 19:00:00,4.3380228e-07
2019-12-15 20:00:00,3.690015e-06
2019-12-17 09:00:00,6.653466e-05
2019-12-17 15:00:00,0.00012645259
2019-12-18 10:00:00,4.1882704e-05
2019-12-21 20:00:00,6.1560354e-06
2019-12-27 07:00:00,3.6942345e-06
2019-12-28 02:00:00,1.963176e-06
2019-12-28 15:00:00,0.00011230895
2019-12-29 19:00:00,2.4360745e-06
2019-12-30 14:00:00,3.847734e-05
2019-12-31 00:00:00,2.9460885e-05
2019-12-31 07:00:00,4.5532164e-05
2019-12-31 14:00:00,3.2337997e-05
2020-01-01 14:00:00,1.7608138e-05
2020-01-01 22:00:00,6.384851e-07
2020-01-03 02:00:00,8.334699e-06
2020-01-03 04:00:00,7.218433e-06
2020-01-03 07:00:00,7.2194935e-06
2020-01-03 23:00:00,1.5276349e-06
2020-01-04 02:00:00,1.9617341e-06
2020-01-05 14:00:00,1.0893083e-05
2020-01-05 20:00:00,8.339906e-06
2020-01-07 06:00:00,1.7632503e-05
2020-01-08 23:00:00,1.9667168e-06
2020-01-09 02:00:00,2.4351518e-06
2020-01-10 02:00:00,1.4020547e-05
2020-01-11 07:00:00,1.9620695e-06
2020-01-11 17:00:00,1.9686802e-06
2020-01-18 02:00:00,4.398715e-06
2020-01-18 15:00:00,1.9679856e-05
2020-01-19 22:00:00,5.2201285e-06
2020-01-20 02:00:00,7.216922e-06
2020-01-20 19:00:00,1.5258793e-06
2020-01-20 20:00:00,1.5281391e-06
2020-01-22 22:00:00,2.434266e-06
2020-01-22 23:00:00,2.4338829e-06
2020-01-24 08:00:00,5.2227715e-06
2020-01-24 17:00:00,1.973275e-07
2020-01-25 21:00:00,1.9863022e-07
2020-01-26 17:00:00,9.166599e-07
2020-01-27 05:00:00,5.2214405e-06
2020-01-28 15:00:00,2.4169769e-05
2020-01-30 11:00:00,0.0001336663
2020-01-31 10:00:00,1.4016383e-05
2020-02-01 09:00:00,4.1895346e-05
2020-02-02 04:00:00,4.394636e-06
2020-02-03 00:00:00,4.397083e-06
2020-02-05 17:00:00,8.33206e-06
2020-02-07 06:00:00,1.9637625e-06
2020-02-07 16:00:00,1.5289617e-06
2020-02-08 04:00:00,1.964476e-06
2020-02-09 20:00:00,1.9697366e-06
2020-02-11 11:00:00,9.332326e-05
2020-02-12 10:00:00,2.4379483e-06
2020-02-12 18:00:00,2.439e-06
2020-02-13 07:00:00,4.4004037e-06
2020-02-14 02:00:00,1.1895481e-06
2020-02-14 11:00:00,6.342812e-07
2020-02-15 09:00:00,7.2123166e-06
2020-02-15 14:00:00,9.1250314e-07
2020-02-18 11:00:00,1.5752552e-05
2020-02-19 11:00:00,1.957992e-07
2020-02-19 12:00:00,4.2893973e-07
2020-02-20 09:00:00,2.1833479e-05
2020-02-24 07:00:00,9.139315e-07
2020-02-24 22:00:00,5.2256496e-06
2020-02-25 00:00:00,5.2205874e-06
2020-02-25 05:00:00,9.573583e-06
2020-02-25 07:00:00,2.4175637e-05
2020-02-26 09:00:00,9.928479e-05
2020-02-27 18:00:00,9.1424306e-07
2020-02-27 19:00:00,1.5245632e-06
2020-02-28 09:00:00,1.574275e-05
2020-02-28 22:00:00,1.9664596e-06
2020-02-29 00:00:00,1.5173118e-06
2020-02-29 02:00:00,6.3799786e-07
2020-03-01 20:00:00,1.9671197e-05
2020-03-02 03:00:00,1.9677682e-05
2020-03-04 22:00:00,1.9645793e-06
2020-03-08 22:00:00,2.434003e-06
2020-03-09 11:00:00,4.5559227e-05
2020-03-10 01:00:00,6.171584e-06
2020-03-10 12:00:00,1.4015855e-05
2020-03-11 22:00:00,4.3129822e-07
2020-03-12 05:00:00,9.1385493e-07
2020-03-12 19:00:00,2.9461204e-05
2020-03-14 19:00:00,3.6940137e-06
2020-03-15 22:00:00,1.96499e-06
2020-03-15 23:00:00,1.5240258e-06
2020-03-20 04:00:00,9.150502e-07
2020-03-20 05:00:00,1.1870558e-06
2020-03-21 04:00:00,9.1538624e-07
2020-03-21 11:00:00,3.6896188e-06
2020-03-21 18:00:00,9.147563e-07
2020-03-24 12:00:00,1.0893707e-05
2020-03-27 09:00:00,9.9407545e-05
2020-03-29 21:00:00,6.1856605e-05
2020-03-31 07:00:00,9.5739215e-06
2020-03-31 18:00:00,2.7826349e-07
2020-03-31 22:00:00,1.1872853e-06
2020-04-01 13:00:00,3.8493024e-05
2020-04-02 03:00:00,6.3707444e-07
2020-04-02 17:00:00,9.572233e-06
2020-04-04 01:00:00,3.686987e-06
2020-04-05 08:00:00,3.6884778e-06
2020-04-07 13:00:00,2.9460516e-05
2020-04-12 18:00:00,8.324049e-06
2020-04-12 21:00:00,5.218147e-06
2020-04-17 09:00:00,2.1845044e-05
2020-04-18 09:00:00,0.00011250316
2020-04-19 00:00:00,1.4018438e-05
2020-04-21 01:00:00,1.9683399e-05
2020-04-21 07:00:00,5.7571087e-05
2020-04-22 00:00:00,9.56895e-06
2020-04-22 20:00:00,3.034836e-06
2020-04-23 01:00:00,3.0323793e-06
2020-04-24 08:00:00,4.3923615e-06
2020-04-26 13:00:00,1.966687e-05
2020-04-27 21:00:00,3.686921e-06
2020-04-30 12:00:00,4.1902378e-05
2020-04-30 14:00:00,4.190703e-05
2020-05-02 20:00:00,5.3350435e-05
2020-05-03 05:00:00,1.5220829e-06
2020-05-04 02:00:00,6.1631645e-06
2020-05-06 12:00:00,1.23961345e-05
2020-05-06 22:00:00,5.2187197e-06
2020-05-07 03:00:00,6.3413006e-07
2020-05-10 13:00:00,7.654251e-05
2020-05-11 15:00:00,3.849999e-05
2020-05-13 12:00:00,2.676143e-05
2020-05-13 16:00:00,2.4141757e-05
2020-05-14 09:00:00,1.0889238e-05
2020-05-15 04:00:00,9.573243e-06
2020-05-15 07:00:00,3.5391608e-05
2020-05-16 02:00:00,4.2632172e-07
2020-05-17 02:00:00,4.393312e-06
2020-05-18 15:00:00,2.9455132e-05
2020-05-18 23:00:00,0.00010594748
2020-05-19 09:00:00,0.00016404867
2020-05-20 00:00:00,6.659571e-05
2020-05-20 06:00:00,2.1838676e-05
2020-05-22 08:00:00,7.2062167e-06
2020-05-22 10:00:00,3.2360847e-05
2020-05-24 18:00:00,9.578507e-06
2020-05-25 04:00:00,1.1858655e-06
2020-05-25 19:00:00,4.394676e-06
2020-05-26 05:00:00,1.1869917e-06
2020-05-26 14:00:00,2.4178757e-05
2020-05-26 17:00:00,2.6771135e-05
2020-05-26 22:00:00,1.4010285e-05
2020-05-27 01:00:00,2.4306944e-06
2020-05-28 06:00:00,3.6854167e-06
2020-05-28 14:00:00,0.0001261899
2020-05-30 14:00:00,2.4156676e-05
2020-06-01 14:00:00,0.00010581561
2020-06-01 18:00:00,4.55999e-05
2020-06-02 16:00:00,2.4166113e-05
2020-06-05 11:00:00,5.3369913e-05
2020-06-05 17:00:00,0.0002382887
2020-06-07 22:00:00,0.00014170595
2020-06-09 11:00:00,8.1847305e-05
2020-06-09 20:00:00,3.6885012e-06
2020-06-10 03:00:00,4.3914647e-06
2020-06-10 05:00:00,3.0307651e-06
2020-06-11 12:00:00,6.652431e-05
2020-06-11 13:00:00,8.730636e-05
2020-06-11 21:00:00,1.08910945e-05
2020-06-11 22:00:00,8.333174e-06
2020-06-15 17:00:00,6.182364e-05
2020-06-16 02:00:00,1.185636e-06
2020-06-17 12:00:00,1.4017016e-05
2020-06-19 04:00:00,6.3488307e-07
2020-06-19 09:00:00,3.0355313e-06
2020-06-19 14:00:00,6.1642068e-06
2020-06-20 07:00:00,2.430481e-06
2020-06-22 08:00:00,4.3921104e-06
2020-06-23 23:00:00,7.2069383e-06
2020-06-26 04:00:00,2.7694855e-07
2020-06-28 09:00:00,1.9673722e-05
2020-06-29 02:00:00,1.7613114e-05
2020-06-30 00:00:00,4.1935225e-05
2020-06-30 02:00:00,6.144686e-06
2020-06-30 09:00:00,3.0334857e-06
2020-06-30 18:00:00,2.417235e-05
2020-07-01 09:00:00,9.569299e-06
2020-07-02 13:00:00,0.00018188515
2020-07-03 00:00:00,4.3912505e-06
2020-07-11 15:00:00,0.00013373178
2020-07-12 22:00:00,1.7616157e-05
2020-07-15 00:00:00,1.9664833e-05
2020-07-16 11:00:00,2.4157789e-05
2020-07-16 15:00:00,0.00013361493
2020-07-17 08:00:00,1.4020404e-05
2020-07-17 12:00:00,5.7564757e-05
2020-07-18 05:00:00,2.7812118e-07
2020-07-18 08:00:00,8.327742e-06
2020-07-20 10:00:00,1.4014145e-05
2020-07-21 05:00:00,6.328887e-07
2020-07-26 03:00:00,1.5168972e-06
2020-07-26 22:00:00,8.328406e-06
2020-07-27 23:00:00,2.4293288e-06
2020-07-28 16:00:00,4.1927968e-05
2020-08-01 13:00:00,7.658428e-05
2020-08-02 08:00:00,2.6775066e-05
2020-08-05 09:00:00,9.572207e-06
2020-08-07 23:00:00,1.5149064e-06
2020-08-09 11:00:00,3.6944712e-06
2020-08-11 03:00:00,9.115091e-07
2020-08-11 05:00:00,4.2972016e-07
2020-08-11 20:00:00,2.6767606e-05
2020-08-15 00:00:00,2.4242067e-06
2020-08-17 05:00:00,8.3305e-06
2020-08-18 12:00:00,1.2394707e-05
2020-08-20 06:00:00,1.5772728e-05
2020-08-20 22:00:00,0.0001058248
2020-08-22 05:00:00,1.08976765e-05
2020-08-23 14:00:00,3.695175e-06
2020-08-23 17:00:00,5.240799e-06
2020-08-24 00:00:00,8.335488e-06
2020-08-25 14:00:00,1.2418462e-05
2020-08-25 20:00:00,1.0909519e-05
2020-08-25 23:00:00,1.0893228e-05
2020-08-26 17:00:00,1.241904e-05
2020-08-27 06:00:00,4.1936173e-07
2020-08-28 01:00:00,4.2038351e-07
2020-08-28 11:00:00,2.4384262e-06
2020-08-29 04:00:00,2.7662335e-07
2020-08-29 06:00:00,6.916691e-08
2020-08-29 10:00:00,1.5239292e-06
2020-08-30 15:00:00,5.3346634e-05
2020-08-31 01:00:00,7.211617e-06
2020-08-31 14:00:00,3.8495313e-05
2020-08-31 17:00:00,7.1438386e-05
2020-09-01 15:00:00,1.401774e-05
2020-09-01 19:00:00,4.9395065e-05
2020-09-02 10:00:00,1.2397678e-05
2020-09-03 12:00:00,3.0373528e-06
2020-09-07 02:00:00,3.6833685e-06
2020-09-08 05:00:00,8.341368e-06
2020-09-10 21:00:00,2.4321696e-06
2020-09-10 23:00:00,2.4311132e-06
2020-09-11 17:00:00,4.2713094e-07
2020-09-12 02:00:00,1.9613824e-06
2020-09-13 00:00:00,1.511013e-06
2020-09-14 12:00:00,9.575558e-06
2020-09-16 05:00:00,4.3909668e-06
2020-09-17 19:00:00,1.9608494e-06
2020-09-19 12:00:00,6.162324e-06
2020-09-19 15:00:00,1.0904734e-05
2020-09-20 00:00:00,6.305154e-07
2020-09-21 08:00:00,2.7959484e-07
2020-09-23 10:00:00,1.1869112e-06
2020-09-24 16:00:00,2.677245e-05
2020-09-27 03:00:00,4.294627e-07
2020-09-27 07:00:00,2.430235e-06
2020-09-28 11:00:00,5.227287e-06
2020-09-28 20:00:00,5.2198575e-06
2020-09-29 22:00:00,4.3943714e-06
2020-10-02 05:00:00,6.3191743e-07
2020-10-04 07:00:00,6.32268e-07
2020-10-04 22:00:00,3.0307535e-06
2020-10-05 21:00:00,1.963825e-06
2020-10-05 22:00:00,3.0323433e-06
2020-10-08 11:00:00,1.0893913e-05
2020-10-08 15:00:00,4.557209e-05
2020-10-10 10:00:00,2.4184561e-05
2020-10-11 05:00:00,3.6825136e-06
2020-10-11 13:00:00,4.39472e-06
2020-10-12 07:00:00,3.6860588e-06
2020-10-12 09:00:00,1.0887198e-05
2020-10-12 23:00:00,3.031638e-06
2020-10-14 02:00:00,3.0305457e-06
2020-10-14 03:00:00,3.0304254e-06
2020-10-14 09:00:00,1.0892541e-05
2020-10-15 18:00:00,1.9627369e-06
2020-10-17 09:00:00,5.2205764e-06
2020-10-17 11:00:00,1.24032285e-05
2020-10-17 17:00:00,4.2539824e-07
2020-10-18 14:00:00,1.5751299e-05
2020-10-18 16:00:00,9.579096e-06
2020-10-19 18:00:00,4.2609824e-07
2020-10-19 23:00:00,1.9598624e-06
2020-10-21 07:00:00,1.5160284e-06
2020-10-24 23:00:00,6.1542664e-06
2020-10-28 23:00:00,9.0681374e-07
2020-10-29 00:00:00,9.0764047e-07
2020-10-30 03:00:00,3.6894915e-06
2020-10-31 12:00:00,2.434174e-06
2020-11-02 14:00:00,1.089719e-05
2020-11-02 16:00:00,7.217104e-06
2020-11-08 03:00:00,2.8076545e-07
2020-11-08 08:00:00,2.4154238e-05
2020-11-08 11:00:00,8.189047e-05
2020-11-08 12:00:00,0.00010583789
2020-11-09 03:00:00,2.4319775e-06
2020-11-10 14:00:00,2.417132e-05
2020-11-11 20:00:00,2.7709618e-07
2020-11-11 21:00:00,6.309176e-07
2020-11-12 17:00:00,1.093341e-07
2020-11-15 00:00:00,8.3477535e-06
2020-11-15 12:00:00,1.7631966e-05
2020-11-15 21:00:00,5.226361e-06
2020-11-17 09:00:00,9.575274e-06
2020-11-17 10:00:00,4.3939694e-06
2020-11-19 05:00:00,3.6860454e-06
2020-11-19 10:00:00,3.5365752e-05
2020-11-23 02:00:00,1.1893472e-06
2020-11-24 19:00:00,7.221052e-06
2020-11-25 09:00:00,5.2165788e-06
2020-11-26 11:00:00,1.7610313e-05
2020-11-28 19:00:00,6.161361e-06
2020-11-30 22:00:00,2.4316682e-06
2020-11-30 23:00:00,2.4294864e-06
2020-12-01 12:00:00,2.6776845e-05
2020-12-02 07:00:00,1.9693072e-05
2020-12-04 03:00:00,6.1749543e-06
2020-12-05 03:00:00,3.694616e-06
2020-12-06 09:00:00,2.6776052e-05
2020-12-06 11:00:00,5.2247356e-06
2020-12-10 09:00:00,2.437167e-06
2020-12-11 05:00:00,1.10686074e-07
2020-12-12 01:00:00,2.7881507e-07
2020-12-12 13:00:00,4.936843e-05
2020-12-12 19:00:00,9.577319e-06
2020-12-14 10:00:00,1.0901298e-05
2020-12-15 00:00:00,3.6861354e-06
2020-12-15 02:00:00,3.6919635e-06
2020-12-15 12:00:00,9.933935e-05
2020-12-15 23:00:00,1.2411172e-05
2020-12-16 17:00:00,1.1883523e-06
2020-12-17 07:00:00,3.0384379e-06
2020-12-18 07:00:00,9.585617e-06
2020-12-19 10:00:00,2.4194578e-05
2020-12-23 09:00:00,2.6748137e-05
2020-12-25 15:00:00,1.0909856e-05
2020-12-27 00:00:00,9.0784386e-07
2020-12-27 04:00:00,2.4313385e-06
2020-12-27 07:00:00,2.435374e-06
2020-12-27 09:00:00,9.5719115e-06
2020-12-30 02:00:00,3.5351557e-05
2020-12-30 05:00:00,3.8477883e-05
2020-12-30 06:00:00,2.947664e-05
2020-12-30 20:00:00,3.6897388e-06
2020-12-31 15:00:00,3.848874e-05
2021-01-01 16:00:00,1.5259316e-06
2021-01-05 14:00:00,3.5359408e-05
2021-01-09 08:00:00,2.419322e-05
2021-01-09 12:00:00,0.00020890255
2021-01-11 20:00:00,3.03377e-06
2021-01-14 19:00:00,3.233577e-05
2021-01-15 07:00:00,2.9451878e-05
2021-01-15 12:00:00,8.191484e-05
2021-01-16 04:00:00,4.3954433e-06
2021-01-21 19:00:00,1.5341982e-06
2021-01-22 07:00:00,1.5226248e-06
2021-01-26 02:00:00,1.2397439e-05
2021-01-26 09:00:00,3.8494392e-05
2021-01-27 12:00:00,1.5763684e-05
2021-01-27 23:00:00,1.186581e-06
2021-01-28 14:00:00,1.4012756e-05
2021-01-28 17:00:00,1.9678635e-06
2021-02-02 20:00:00,9.159804e-07
2021-02-04 05:00:00,1.0894792e-05
2021-02-04 07:00:00,1.2398315e-05
2021-02-04 20:00:00,7.2142193e-06
2021-02-05 11:00:00,9.924405e-05
2021-02-06 18:00:00,1.1961549e-06
2021-02-07 13:00:00,1.1060407e-07
2021-02-08 18:00:00,3.039139e-06
2021-02-10 00:00:00,2.4323253e-06
2021-02-10 04:00:00,2.4339247e-06
2021-02-10 23:00:00,3.0334147e-06
2021-02-12 09:00:00,5.754591e-05
2021-02-12 15:00:00,0.00015719369
2021-02-12 20:00:00,6.1594733e-06
2021-02-12 22:00:00,6.165133e-06
2021-02-15 15:00:00,1.4015326e-05
2021-02-16 17:00:00,1.2399638e-05
2021-02-16 18:00:00,7.2156713e-06
2021-02-17 01:00:00,5.223994e-06
2021-02-17 15:00:00,0.00017187947
2021-02-17 20:00:00,1.7610637e-05
2021-02-18 04:00:00,4.1928157e-05
2021-02-18 06:00:00,4.190101e-05
2021-02-19 10:00:00,4.4003027e-06
2021-02-22 06:00:00,6.1594287e-06
2021-02-24 15:00:00,1.0902905e-05
2021-02-24 17:00:00,2.4364765e-06
2021-02-25 00:00:00,1.9637077e-06
2021-02-28 04:00:00,5.7521134e-05
2021-02-28 16:00:00,0.00014151365
2021-02-28 23:00:00,7.225667e-06
2021-03-02 10:00:00,3.850392e-05
2021-03-02 17:00:00,1.1955483e-06
2021-03-03 09:00:00,0.00012640352
2021-03-04 01:00:00,3.6885922e-06
2021-03-09 11:00:00,0.0001416674
2021-03-11 04:00:00,6.384796e-07
2021-03-12 06:00:00,9.1031274e-07
2021-03-12 16:00:00,2.4175519e-05
2021-03-15 03:00:00,9.157131e-07
2021-03-15 12:00:00,4.193856e-05
2021-03-15 16:00:00,0.00018143417
2021-03-16 04:00:00,1.5753654e-05
2021-03-16 06:00:00,1.0900387e-05
2021-03-17 13:00:00,6.153203e-06
2021-03-19 16:00:00,1.2398613e-05
2021-03-20 13:00:00,7.661582e-05
2021-03-20 14:00:00,9.317786e-05
2021-03-20 15:00:00,0.00011240966
2021-03-20 19:00:00,4.5578043e-05
2021-03-20 23:00:00,3.5370045e-05
2021-03-21 02:00:00,1.5736261e-05
2021-03-22 12:00:00,5.33544e-05
2021-03-23 02:00:00,1.521774e-06
2021-03-23 15:00:00,0.00018170277
2021-03-24 21:00:00,4.3959726e-06
2021-03-25 19:00:00,9.3273295e-05
2021-03-26 05:00:00,1.1924874e-06
2021-03-27 17:00:00,1.76217e-05
2021-03-28 04:00:00,5.219201e-06
2021-03-28 10:00:00,4.1906413e-05
2021-03-29 13:00:00,1.7621345e-05
2021-03-30 03:00:00,9.153109e-07
2021-03-30 05:00:00,9.1337625e-07
2021-04-01 18:00:00,2.4378985e-06
2021-04-03 03:00:00,1.9642548e-06
2021-04-03 08:00:00,2.4331282e-06
2021-04-03 13:00:00,1.1908567e-06
2021-04-03 22:00:00,1.2394284e-05
2021-04-04 01:00:00,4.39262e-06
2021-04-04 07:00:00,3.0349877e-06
2021-04-05 13:00:00,0.00015720743
2021-04-05 21:00:00,9.324596e-05
2021-04-06 19:00:00,3.6932533e-06
2021-04-07 00:00:00,1.1854382e-06
2021-04-08 07:00:00,1.0890446e-05
2021-04-08 09:00:00,8.734037e-05
2021-04-10 17:00:00,1.0915736e-05
2021-04-11 14:00:00,1.76354e-05
2021-04-15 01:00:00,2.9455121e-05
2021-04-17 03:00:00,5.213351e-06
2021-04-17 19:00:00,4.1911986e-05
2021-04-19 18:00:00,1.9659376e-06
2021-04-20 05:00:00,1.1897966e-06
2021-04-20 14:00:00,0.000105712075
2021-04-22 01:00:00,2.4154011e-05
2021-04-25 05:00:00,2.0079871e-07
2021-04-26 03:00:00,1.2384285e-05
2021-04-26 15:00:00,7.656319e-05
2021-04-26 18:00:00,3.851256e-05
2021-04-27 00:00:00,1.7617303e-05
2021-04-29 05:00:00,4.3948826e-06
2021-04-29 15:00:00,1.2389361e-05
2021-05-01 01:00:00,3.0318797e-06
2021-05-01 19:00:00,9.583748e-06
2021-05-02 12:00:00,6.659325e-05
2021-05-02 19:00:00,0.00022966428
2021-05-02 21:00:00,0.00018492868
2021-05-06 02:00:00,2.4344358e-06
2021-05-06 15:00:00,0.00011915922
2021-05-08 06:00:00,9.126474e-07
2021-05-09 00:00:00,1.0893287e-05
2021-05-10 03:00:00,9.112305e-07
2021-05-11 13:00:00,1.2386427e-05
2021-05-13 11:00:00,3.5363657e-05
2021-05-14 17:00:00,2.9465376e-05
2021-05-15 05:00:00,6.348335e-07
2021-05-17 01:00:00,3.236344e-05
2021-05-22 06:00:00,3.5366502e-05
2021-05-22 22:00:00,1.3997606e-05
2021-05-23 01:00:00,1.4012306e-05
2021-05-23 20:00:00,1.1833705e-06
2021-05-24 16:00:00,3.5371308e-05
2021-05-26 07:00:00,3.6847086e-06
2021-05-26 13:00:00,1.0896202e-05
2021-05-28 20:00:00,9.575549e-06
2021-05-29 14:00:00,4.1916246e-05
2021-05-30 04:00:00,1.5192678e-06
2021-05-31 05:00:00,7.215579e-06
2021-06-01 12:00:00,3.235366e-05
2021-06-02 00:00:00,8.310737e-06
2021-06-02 22:00:00,6.1859515e-05
2021-06-03 11:00:00,0.00014159457
2021-06-06 00:00:00,1.9593679e-06
2021-06-06 16:00:00,3.2361077e-05
2021-06-06 21:00:00,1.2378894e-05
2021-06-12 18:00:00,2.4373276e-06
2021-06-13 04:00:00,4.240269e-07
2021-06-15 06:00:00,1.9591748e-06
2021-06-15 19:00:00,2.4182607e-05
2021-06-15 21:00:00,2.6761738e-05
2021-06-17 13:00:00,1.7633885e-05
2021-06-17 17:00:00,9.585671e-06
2021-06-18 07:00:00,7.219595e-06
2021-06-18 11:00:00,8.336124e-06
2021-06-19 21:00:00,2.1837739e-05
2021-06-20 03:00:00,2.4343772e-06
2021-06-22 02:00:00,9.047826e-07
2021-06-22 04:00:00,1.185019e-06
2021-06-23 08:00:00,2.6761387e-05
2021-06-26 06:00:00,1.5145846e-06
2021-06-26 10:00:00,4.2387305e-07
2021-06-26 11:00:00,9.055349e-07
2021-06-26 13:00:00,1.9650317e-06
2021-06-26 21:00:00,1.4030009e-05
2021-06-27 20:00:00,4.9338123e-05
2021-06-28 21:00:00,2.9473174e-05
2021-07-01 06:00:00,2.9475983e-05
2021-07-01 08:00:00,4.941221e-05
2021-07-02 06:00:00,7.216097e-06
2021-07-02 10:00:00,1.96794e-05
2021-07-02 19:00:00,2.6770347e-05
2021-07-04 14:00:00,5.2320697e-06
2021-07-06 02:00:00,2.432003e-06
2021-07-06 22:00:00,1.7608128e-05
2021-07-07 19:00:00,8.194416e-05
2021-07-08 03:00:00,3.8500006e-05
2021-07-10 10:00:00,5.2304654e-06
2021-07-11 17:00:00,5.33787e-05
2021-07-12 00:00:00,1.2387949e-05
2021-07-17 04:00:00,7.213884e-06
2021-07-17 17:00:00,8.327786e-06
2021-07-19 13:00:00,1.9647402e-06
2021-07-20 12:00:00,4.4021394e-06
2021-07-20 16:00:00,1.761864e-05
2021-07-22 12:00:00,0.00014171776
2021-07-22 14:00:00,0.000172226
2021-07-24 15:00:00,2.1820775e-05
2021-07-26 05:00:00,1.089976e-05
2021-07-26 14:00:00,0.00014966418
2021-07-27 04:00:00,2.011449e-07
2021-07-27 12:00:00,2.1845115e-05
2021-07-29 05:00:00,6.34688e-07
2021-07-31 01:00:00,1.9765139e-07
2021-07-31 11:00:00,4.400448e-06
2021-07-31 16:00:00,1.9543695e-07
2021-07-31 22:00:00,1.5217086e-06
2021-08-01 02:00:00,1.1882926e-06
2021-08-01 17:00:00,5.229458e-06
2021-08-02 13:00:00,1.96535e-06
2021-08-04 19:00:00,0.00011261667
2021-08-05 05:00:00,7.214304e-06
2021-08-06 07:00:00,7.149053e-05
2021-08-07 02:00:00,3.0279855e-06
2021-08-07 08:00:00,1.2401997e-05
2021-08-07 10:00:00,7.21718e-06
2021-08-07 11:00:00,6.162294e-06
2021-08-07 15:00:00,7.142826e-05
2021-08-08 08:00:00,2.6767502e-05
2021-08-08 16:00:00,0.00023729903
2021-08-10 06:00:00,2.4176448e-05
2021-08-12 01:00:00,1.2406075e-05
2021-08-12 04:00:00,1.24113885e-05
2021-08-13 02:00:00,6.3431423e-07
2021-08-13 03:00:00,4.2883144e-07
2021-08-13 11:00:00,6.3401563e-07
2021-08-14 00:00:00,7.2192197e-06
2021-08-14 06:00:00,5.222631e-06
2021-08-14 19:00:00,1.5242152e-06
2021-08-15 16:00:00,1.403024e-05
2021-08-15 21:00:00,1.5772946e-05
2021-08-16 18:00:00,9.328416e-05
2021-08-17 06:00:00,2.6790734e-05
2021-08-18 11:00:00,9.576554e-06
2021-08-18 15:00:00,0.00011256578
2021-08-18 22:00:00,9.574341e-06
2021-08-25 23:00:00,3.2362335e-05
2021-08-26 12:00:00,6.1605033e-06
2021-08-26 13:00:00,6.17011e-06
2021-08-26 20:00:00,9.0167254e-07
2021-08-27 06:00:00,1.9611066e-06
2021-08-29 16:00:00,6.042351e-08
2021-08-30 11:00:00,4.19303e-05
2021-08-31 06:00:00,1.7635437e-05
2021-08-31 08:00:00,4.196044e-05
2021-09-01 16:00:00,3.53536e-05
2021-09-04 07:00:00,3.0291105e-06
2021-09-06 21:00:00,9.9525154e-05
2021-09-07 00:00:00,1.7637078e-05
2021-09-08 09:00:00,1.9678268e-05
2021-09-08 22:00:00,1.0895572e-05
2021-09-10 05:00:00,2.425941e-06
2021-09-10 12:00:00,5.7534853e-05
2021-09-11 11:00:00,7.2201015e-06
2021-09-11 18:00:00,3.0332321e-06
2021-09-12 05:00:00,9.093132e-07
2021-09-12 12:00:00,5.231538e-06
2021-09-12 17:00:00,1.761979e-05
2021-09-13 18:00:00,1.0911918e-05
2021-09-17 19:00:00,2.4175743e-05
2021-09-19 01:00:00,1.513973e-06
2021-09-19 19:00:00,6.152387e-06
2021-09-21 05:00:00,6.349469e-07
2021-09-21 15:00:00,6.360357e-07
2021-09-22 11:00:00,2.772348e-07
2021-09-24 01:00:00,2.7610233e-07
2021-09-28 01:00:00,1.5129039e-06
2021-09-28 04:00:00,2.7936088e-07
2021-09-28 15:00:00,0.000105856845
2021-09-28 16:00:00,0.00010589555
2021-10-01 19:00:00,6.34301e-07
2021-10-03 06:00:00,1.185296e-06
2021-10-03 08:00:00,6.156588e-06
2021-10-03 17:00:00,1.9660356e-06
2021-10-04 13:00:00,4.562684e-05
2021-10-06 01:00:00,3.6816152e-06
2021-10-07 19:00:00,6.337175e-07
2021-10-08 08:00:00,1.5244019e-06
2021-10-08 14:00:00,5.3381296e-05
2021-10-09 11:00:00,3.535984e-05
2021-10-10 06:00:00,2.676084e-05
2021-10-10 07:00:00,4.557797e-05
2021-10-13 00:00:00,2.4268068e-06
2021-10-14 08:00:00,3.6870701e-06
2021-10-14 11:00:00,4.394768e-06
2021-10-16 05:00:00,1.0897472e-05
2021-10-16 10:00:00,7.1371585e-05
2021-10-17 02:00:00,2.431226e-06
2021-10-17 22:00:00,3.685788e-06
2021-10-19 12:00:00,1.189772e-06
2021-10-19 13:00:00,1.525962e-06
2021-10-20 15:00:00,6.975846e-08
2021-10-22 07:00:00,1.1906824e-06
2021-10-24 12:00:00,7.2126477e-06
2021-10-24 13:00:00,8.326752e-06
2021-10-25 20:00:00,0.0001573228
2021-10-26 14:00:00,9.323519e-05
2021-10-26 16:00:00,7.13623e-05
2021-10-27 03:00:00,8.322336e-06
2021-11-02 15:00:00,4.3945934e-06
2021-11-02 17:00:00,6.3496464e-07
2021-11-04 03:00:00,1.9637096e-06
2021-11-04 10:00:00,4.391678e-06
2021-11-05 00:00:00,1.9593276e-06
2021-11-05 10:00:00,1.963794e-06
2021-11-05 13:00:00,4.3968607e-06
2021-11-07 21:00:00,2.4358292e-06
2021-11-10 07:00:00,8.321677e-06
2021-11-10 14:00:00,3.8496117e-05
2021-11-11 17:00:00,6.163587e-06
2021-11-12 00:00:00,1.7607039e-05
2021-11-12 21:00:00,3.6881484e-06
2021-11-16 13:00:00,1.2398531e-05
2021-11-17 06:00:00,9.126806e-07
2021-11-22 02:00:00,6.18278e-05
2021-11-23 13:00:00,7.2134567e-06
2021-11-23 22:00:00,3.6876281e-06
2021-11-24 03:00:00,3.6862186e-06
2021-11-24 17:00:00,5.754501e-05
2021-11-24 19:00:00,7.1412964e-05
2021-11-26 05:00:00,2.4183311e-05
2021-11-26 16:00:00,1.4001857e-05
2021-11-27 02:00:00,2.4301498e-06
2021-12-01 19:00:00,2.432028e-06
2021-12-02 09:00:00,5.2174514e-06
2021-12-03 07:00:00,4.338597e-07
2021-12-03 17:00:00,4.2932592e-07
2021-12-03 23:00:00,9.1278275e-07
2021-12-06 18:00:00,3.0365634e-06
2021-12-13 07:00:00,1.1946937e-06
2021-12-13 16:00:00,9.143106e-07
2021-12-13 21:00:00,1.5242837e-06
2021-12-14 13:00:00,0.00020399492
2021-12-14 17:00:00,0.0001338546
2021-12-15 17:00:00,2.438912e-06
2021-12-16 00:00:00,4.3966247e-06
2021-12-16 04:00:00,2.4351816e-06
2021-12-16 13:00:00,9.576814e-06
2021-12-18 23:00:00,8.349752e-06
2021-12-19 04:00:00,9.583828e-06
2021-12-22 12:00:00,6.369492e-07
2021-12-24 03:00:00,1.4015244e-05
2021-12-24 15:00:00,6.655542e-05
2021-12-24 23:00:00,1.5206239e-06
2021-12-25 01:00:00,1.1883982e-06
2021-12-26 04:00:00,1.5264254e-06
2021-12-28 21:00:00,2.4351123e-06
2021-12-29 13:00:00,2.4179031e-05
2021-12-30 01:00:00,3.0318936e-06
2021-12-30 09:00:00,1.4035459e-05
2021-12-30 13:00:00,5.336313e-05
2021-12-30 14:00:00,6.1811275e-05
2021-12-31 08:00:00,6.3611367e-07
2021-12-31 13:00:00,2.6788424e-05
2022-01-01 05:00:00,6.656441e-05
2022-01-01 15:00:00,0.0001057788
2022-01-02 08:00:00,3.8499606e-05
2022-01-03 22:00:00,9.137217e-07
2022-01-04 12:00:00,3.6939537e-06
2022-01-06 00:00:00,2.4338851e-06
2022-01-07 08:00:00,3.6944593e-06
2022-01-07 17:00:00,1.9687666e-06
2022-01-10 07:00:00,2.6775177e-05
2022-01-10 19:00:00,1.5760394e-05
2022-01-12 20:00:00,1.5250071e-06
2022-01-14 12:00:00,4.55744e-05
2022-01-14 22:00:00,7.214107e-06
2022-01-15 01:00:00,1.7605435e-05
2022-01-15 18:00:00,3.6945455e-06
2022-01-17 05:00:00,1.1940982e-06
2022-01-20 07:00:00,2.1852362e-05
2022-01-21 02:00:00,3.0363328e-06
2022-01-21 12:00:00,6.1577643e-06
2022-01-22 04:00:00,2.1831758e-05
2022-01-22 14:00:00,1.7614006e-05
2022-01-23 02:00:00,8.333234e-06
2022-01-23 10:00:00,8.731084e-05
2022-01-24 07:00:00,3.6967976e-06
2022-01-25 10:00:00,3.6940773e-06
2022-01-27 05:00:00,7.228968e-06
2022-01-28 00:00:00,3.235097e-05
2022-01-28 18:00:00,8.336705e-06
2022-01-29 10:00:00,7.1391536e-05
2022-01-30 01:00:00,4.3993864e-06
2022-01-30 07:00:00,3.6954011e-06
2022-02-01 04:00:00,2.810131e-07
2022-02-01 22:00:00,3.039467e-06
2022-02-02 13:00:00,0.00037807136
2022-02-03 05:00:00,3.2349115e-05
2022-02-04 12:00:00,0.00013359437
2022-02-05 05:00:00,1.7637427e-05
2022-02-05 06:00:00,1.5771007e-05
2022-02-05 07:00:00,1.2413134e-05
2022-02-07 11:00:00,9.931747e-05
2022-02-07 16:00:00,4.9384595e-05
2022-02-08 08:00:00,2.6761594e-05
2022-02-10 19:00:00,6.1593187e-06
2022-02-11 05:00:00,5.213916e-06
2022-02-13 06:00:00,1.763434e-05
2022-02-13 12:00:00,3.2366665e-05
2022-02-13 13:00:00,2.4192834e-05
2022-02-15 19:00:00,9.928297e-05
2022-02-18 02:00:00,4.401567e-06
2022-02-18 23:00:00,3.69332e-06
2022-02-21 17:00:00,5.3383374e-05
2022-02-23 19:00:00,2.6741907e-05
2022-02-26 10:00:00,9.935145e-05
2022-02-27 13:00:00,3.849515e-05
2022-02-28 04:00:00,1.402832e-05
2022-02-28 07:00:00,1.5748961e-05
2022-03-03 08:00:00,3.5359368e-05
2022-03-05 03:00:00,1.962201e-06
2022-03-05 12:00:00,0.00013356835
2022-03-06 03:00:00,3.0353262e-06
2022-03-08 03:00:00,9.580335e-06
2022-03-08 05:00:00,1.090896e-05
2022-03-11 07:00:00,8.1886195e-05
2022-03-11 11:00:00,8.732788e-05
2022-03-12 10:00:00,7.221198e-06
2022-03-12 14:00:00,5.228599e-06
2022-03-13 22:00:00,7.212904e-06
2022-03-14 00:00:00,3.0327658e-06
2022-03-14 06:00:00,1.9641227e-06
2022-03-17 06:00:00,2.9450532e-05
2022-03-19 23:00:00,5.335992e-05
2022-03-20 09:00:00,0.00014171436
2022-03-22 07:00:00,9.321253e-05
2022-03-22 17:00:00,0.000133533
2022-03-23 16:00:00,7.2213516e-06
2022-03-25 14:00:00,3.0395329e-06
2022-03-27 18:00:00,1.4023807e-05
2022-03-27 20:00:00,1.2388453e-05
2022-03-27 21:00:00,9.572265e-06
2022-03-27 23:00:00,1.9632344e-06
2022-03-28 08:00:00,1.4020286e-05
2022-03-29 19:00:00,3.2368294e-05
2022-03-29 20:00:00,6.1845196e-05
2022-03-30 00:00:00,1.9671386e-05
2022-03-31 20:00:00,4.398777e-06
2022-04-01 18:00:00,2.1847023e-05
2022-04-03 07:00:00,2.4337287e-06
2022-04-04 21:00:00,1.9678339e-05
2022-04-05 10:00:00,8.331091e-06
2022-04-09 07:00:00,9.576592e-06
2022-04-09 12:00:00,0.0001124549
2022-04-10 09:00:00,1.9678771e-05
2022-04-10 15:00:00,4.1919706e-05
2022-04-11 13:00:00,4.1930944e-05
2022-04-11 18:00:00,5.753345e-05
2022-04-11 20:00:00,2.9454082e-05
2022-04-12 18:00:00,2.1840757e-05
2022-04-13 06:00:00,1.5232915e-06
2022-04-15 12:00:00,1.4017943e-05
2022-04-16 04:00:00,2.807092e-07
2022-04-21 17:00:00,2.9457342e-05
2022-04-22 05:00:00,1.9689805e-05
2022-04-22 20:00:00,7.142149e-05
2022-04-24 23:00:00,2.4161285e-05
2022-04-26 00:00:00,2.4334415e-06
2022-04-26 19:00:00,5.2298874e-06
2022-04-27 02:00:00,2.4361873e-06
2022-04-28 11:00:00,1.4020819e-05
2022-04-30 06:00:00,9.114138e-07
2022-05-01 13:00:00,4.5578283e-05
2022-05-02 00:00:00,2.4329238e-06
2022-05-04 13:00:00,4.93578e-05
2022-05-05 11:00:00,1.9633405e-06
2022-05-06 23:00:00,1.1827136e-06
2022-05-10 08:00:00,6.1891085e-05
2022-05-11 06:00:00,4.940857e-05
2022-05-12 03:00:00,6.1531136e-06
2022-05-13 10:00:00,8.1848244e-05
2022-05-13 19:00:00,3.690979e-06
2022-05-14 15:00:00,2.4395104e-06
2022-05-15 01:00:00,4.3951018e-06
2022-05-15 07:00:00,1.1876126e-06
2022-05-15 20:00:00,1.7609971e-05
2022-05-16 23:00:00,1.9618344e-06
2022-05-17 14:00:00,3.5344558e-05
2022-05-18 11:00:00,3.851576e-05
2022-05-18 21:00:00,1.9685345e-05
2022-05-20 04:00:00,9.056111e-07
2022-05-20 09:00:00,7.2104317e-06
2022-05-20 23:00:00,1.0886847e-05
2022-05-21 05:00:00,9.120166e-07
2022-05-22 03:00:00,1.9726795e-07
2022-05-23 08:00:00,1.5192654e-06
2022-05-24 06:00:00,8.326154e-06
2022-05-24 07:00:00,1.4019853e-05
2022-05-25 22:00:00,1.4000816e-05
2022-05-25 23:00:00,1.0885721e-05
2022-05-27 00:00:00,1.5146273e-06
2022-05-27 17:00:00,4.5594952e-05
2022-05-28 06:00:00,1.9680323e-05
2022-05-29 02:00:00,4.1938994e-05
2022-05-30 03:00:00,7.2121475e-06
2022-05-31 05:00:00,6.3266674e-07
2022-05-31 09:00:00,8.318172e-06
2022-05-31 23:00:00,1.9619567e-06
2022-06-01 09:00:00,7.214603e-06
2022-06-01 15:00:00,1.2397167e-05
2022-06-02 01:00:00,4.393643e-06
2022-06-03 17:00:00,4.5604957e-05
2022-06-04 05:00:00,4.28776e-07
2022-06-04 13:00:00,3.5371802e-05
2022-06-04 23:00:00,3.0290173e-06
2022-06-05 03:00:00,2.4331703e-06
2022-06-05 08:00:00,1.5760455e-05
2022-06-10 14:00:00,4.9358627e-05
2022-06-11 05:00:00,1.9681015e-07
2022-06-11 14:00:00,3.8515005e-05
2022-06-11 18:00:00,5.754799e-05
2022-06-12 06:00:00,9.0394735e-07
2022-06-13 01:00:00,9.569092e-06
2022-06-14 18:00:00,3.0383792e-06
2022-06-15 03:00:00,9.061838e-07
2022-06-15 13:00:00,9.578806e-06
2022-06-17 06:00:00,3.6885165e-06
2022-06-18 03:00:00,3.685485e-06
2022-06-18 08:00:00,1.5758427e-05
2022-06-18 11:00:00,1.4003047e-05
2022-06-19 09:00:00,2.4177518e-05
2022-06-21 02:00:00,6.2864575e-07
2022-06-21 21:00:00,2.676448e-05
2022-06-22 05:00:00,2.7808127e-07
2022-06-22 14:00:00,8.322152e-06
2022-06-23 02:00:00,6.1443857e-06
2022-06-24 15:00:00,6.657428e-05
2022-06-24 23:00:00,1.1801816e-06
2022-06-25 00:00:00,4.2389274e-07
2022-06-25 20:00:00,4.196113e-05
2022-06-28 07:00:00,1.7625876e-05
2022-06-28 22:00:00,2.1830623e-05
2022-06-29 09:00:00,2.4349529e-06
2022-06-29 12:00:00,1.4029722e-05
2022-06-29 15:00:00,3.8516995e-05
2022-06-30 18:00:00,5.7528952e-05
2022-07-01 06:00:00,1.961661e-06
2022-07-03 21:00:00,9.573631e-06
2022-07-05 15:00:00,8.7362765e-05
2022-07-10 21:00:00,3.2384625e-05
2022-07-11 21:00:00,2.9463978e-05
2022-07-15 03:00:00,1.5189661e-06
2022-07-16 21:00:00,6.181537e-05
2022-07-17 05:00:00,1.40457405e-05
2022-07-18 08:00:00,5.2247324e-06
2022-07-19 08:00:00,6.16507e-06
2022-07-19 18:00:00,2.9459778e-05
2022-07-19 19:00:00,2.4180117e-05
2022-07-20 18:00:00,7.142635e-05
2022-07-21 20:00:00,3.537091e-05
2022-07-22 20:00:00,2.9490273e-05
2022-07-23 05:00:00,1.5155766e-06
2022-07-23 15:00:00,6.182917e-05
2022-07-28 05:00:00,1.5187059e-06
2022-07-29 01:00:00,9.576214e-06
2022-07-31 18:00:00,8.186473e-05
2022-08-02 03:00:00,2.7824436e-07
2022-08-03 05:00:00,1.517305e-06
2022-08-03 23:00:00,1.7626304e-05
2022-08-04 14:00:00,4.9361068e-05
2022-08-05 06:00:00,3.0260433e-06
2022-08-05 08:00:00,4.395601e-06
2022-08-06 12:00:00,4.2655267e-07
2022-08-09 03:00:00,5.221814e-06
2022-08-09 10:00:00,1.0902909e-05
2022-08-10 13:00:00,9.580904e-06
2022-08-11 13:00:00,6.3399506e-07
2022-08-12 00:00:00,3.6824413e-06
2022-08-12 05:00:00,2.7677896e-07
2022-08-12 12:00:00,7.1411516e-05
2022-08-14 13:00:00,1.0898866e-05
2022-08-15 04:00:00,4.285046e-07
2022-08-16 07:00:00,2.4204648e-05
2022-08-16 16:00:00,3.534218e-05
2022-08-16 17:00:00,3.2353484e-05
2022-08-18 19:00:00,6.162204e-06
2022-08-21 19:00:00,2.4220482e-05
2022-08-22 06:00:00,8.34686e-06
2022-08-23 16:00:00,4.9407416e-05
2022-08-25 12:00:00,2.7714793e-07
2022-08-25 19:00:00,1.0911012e-05
2022-08-26 06:00:00,4.301479e-07
2022-08-29 21:00:00,1.9672148e-05
2022-08-30 04:00:00,1.0701891e-07
2022-08-30 11:00:00,7.216448e-06
2022-09-01 09:00:00,8.182332e-05
2022-09-02 16:00:00,0.00011940621
2022-09-02 21:00:00,8.742347e-05
2022-09-04 00:00:00,2.7520588e-07
2022-09-04 17:00:00,4.401082e-06
2022-09-05 17:00:00,4.1921056e-05
2022-09-07 00:00:00,7.660872e-05
2022-09-11 01:00:00,1.1940203e-06
2022-09-11 03:00:00,7.27474e-08
2022-09-11 07:00:00,5.224868e-06
2022-09-13 02:00:00,4.2831812e-07
2022-09-14 08:00:00,8.319834e-06
2022-09-14 14:00:00,5.3348496e-05
2022-09-15 17:00:00,1.0894683e-05
2022-09-18 08:00:00,6.1444257e-06
2022-09-18 18:00:00,2.4382712e-06
2022-09-20 03:00:00,1.1878311e-06
2022-09-20 05:00:00,1.1859805e-06
2022-09-25 06:00:00,1.9624126e-06
2022-09-25 09:00:00,5.228021e-06
2022-09-25 18:00:00,1.9627018e-06
2022-09-26 04:00:00,3.6834488e-06
2022-09-26 18:00:00,6.2952796e-07
2022-09-27 06:00:00,1.0887966e-05
2022-10-01 13:00:00,3.535377e-05
2022-10-01 23:00:00,1.2406823e-05
2022-10-02 00:00:00,7.2165135e-06
2022-10-03 14:00:00,1.0893506e-05
2022-10-04 08:00:00,3.852494e-05
2022-10-04 16:00:00,5.2221963e-06
2022-10-04 20:00:00,8.3263e-06
2022-10-06 15:00:00,6.1592154e-06
2022-10-07 03:00:00,4.3180242e-07
2022-10-07 17:00:00,2.437253e-06
2022-10-07 22:00:00,1.9550653e-07
2022-10-08 13:00:00,5.2267555e-06
2022-10-09 08:00:00,1.9670239e-05
2022-10-09 14:00:00,2.781707e-07
2022-10-09 19:00:00,2.8054004e-07
2022-10-10 10:00:00,6.356881e-07
2022-10-13 06:00:00,9.1256834e-07
2022-10-14 13:00:00,3.8481314e-05
2022-10-16 20:00:00,7.065531e-08
2022-10-18 13:00:00,0.00012653891
2022-10-21 05:00:00,4.268071e-07
2022-10-22 01:00:00,1.1844259e-06
2022-10-22 10:00:00,1.9669878e-05
2022-10-23 11:00:00,3.2355518e-05
2022-10-24 03:00:00,0.000105855186
2022-10-24 07:00:00,5.335426e-05
2022-10-25 01:00:00,8.340256e-06
2022-10-25 21:00:00,1.5212861e-06
2022-10-26 17:00:00,1.1864641e-06
2022-10-26 23:00:00,1.9636088e-06
2022-10-28 21:00:00,2.4329586e-06
2022-10-30 15:00:00,1.4018238e-05
2022-10-31 06:00:00,3.0331296e-06
2022-10-31 13:00:00,1.5213308e-06
2022-10-31 19:00:00,6.3300484e-07
2022-11-01 15:00:00,9.328593e-05
2022-11-02 20:00:00,6.187483e-05
2022-11-03 00:00:00,3.849443e-05
2022-11-03 08:00:00,8.735552e-05
2022-11-05 13:00:00,1.1902213e-06
2022-11-05 14:00:00,3.0329725e-06
2022-11-05 18:00:00,2.77805e-07
2022-11-07 00:00:00,9.12693e-07
2022-11-08 01:00:00,4.3188007e-07
2022-11-08 16:00:00,0.00014163992
2022-11-09 04:00:00,1.963849e-06
2022-11-09 07:00:00,3.032081e-06
2022-11-10 10:00:00,8.1894505e-05
2022-11-11 05:00:00,1.9672329e-05
2022-11-11 14:00:00,1.7622368e-05
2022-11-13 00:00:00,1.5116831e-06
2022-11-13 07:00:00,1.1928663e-06
2022-11-13 12:00:00,5.7533427e-05
2022-11-13 14:00:00,9.9291945e-05
2022-11-13 22:00:00,7.2156577e-06
2022-11-14 10:00:00,6.181301e-05
2022-11-16 07:00:00,2.948879e-05
2022-11-17 19:00:00,2.4360752e-06
2022-11-18 11:00:00,9.574007e-06
2022-11-18 13:00:00,2.1851834e-05
2022-11-19 17:00:00,9.577346e-06
2022-11-20 08:00:00,7.654735e-05
2022-11-21 00:00:00,2.9451601e-05
2022-11-21 01:00:00,2.9465615e-05
2022-11-21 14:00:00,8.326053e-06
2022-11-24 01:00:00,3.8508617e-05
2022-11-25 10:00:00,7.217169e-06
2022-11-25 21:00:00,3.029773e-06
2022-11-26 11:00:00,3.032242e-06
2022-11-26 18:00:00,2.762681e-07
2022-11-27 11:00:00,1.5747322e-05
2022-12-01 06:00:00,2.805187e-07
2022-12-01 19:00:00,4.3069645e-07
2022-12-03 14:00:00,3.8485286e-05
2022-12-04 23:00:00,1.1934527e-06
2022-12-05 15:00:00,4.5607463e-05
2022-12-06 04:00:00,3.0307024e-06
2022-12-07 01:00:00,1.9611107e-06
2022-12-12 14:00:00,2.4166598e-05
2022-12-13 00:00:00,3.0305666e-06
2022-12-13 09:00:00,1.08966215e-05
2022-12-15 02:00:00,3.686884e-06
2022-12-15 12:00:00,2.6759233e-05
2022-12-15 16:00:00,7.215972e-06
2022-12-15 21:00:00,3.0301687e-06
2022-12-16 21:00:00,9.585654e-06
2022-12-17 20:00:00,1.9630088e-06
2022-12-19 02:00:00,1.9621916e-06
2022-12-20 21:00:00,4.4007847e-06
2022-12-23 21:00:00,2.43152e-06
2022-12-24 10:00:00,1.7613476e-05
2022-12-24 15:00:00,2.6754455e-05
2022-12-25 19:00:00,1.9649976e-06
2022-12-26 11:00:00,7.2102016e-06
2022-12-27 00:00:00,1.1905885e-06
2022-12-28 01:00:00,1.9597903e-06
2022-12-28 14:00:00,6.154521e-06
2022-12-28 20:00:00,1.5765008e-05
2022-12-29 07:00:00,1.995072e-07
2022-12-30 09:00:00,4.380196e-07
2022-12-31 07:00:00,1.1943898e-06
2023-01-03 10:00:00,3.694989e-06
2023-01-04 07:00:00,1.5228494e-06
2023-01-04 12:00:00,4.931595e-05
2023-01-04 15:00:00,4.5552977e-05
2023-01-04 16:00:00,2.1832126e-05
2023-01-05 00:00:00,3.0339477e-06
2023-01-08 15:00:00,1.9617384e-07
2023-01-09 09:00:00,9.579597e-06
2023-01-12 01:00:00,3.0314734e-06
2023-01-13 15:00:00,4.3086226e-07
2023-01-14 15:00:00,6.3968577e-07
2023-01-17 19:00:00,6.1701307e-06
2023-01-18 00:00:00,3.6945564e-06
2023-01-18 14:00:00,1.2383271e-05
2023-01-18 22:00:00,1.5228068e-06
2023-01-19 11:00:00,1.965588e-06
2023-01-19 12:00:00,3.0400474e-06
2023-01-19 21:00:00,3.0381034e-06
2023-01-22 05:00:00,1.5234697e-06
2023-01-22 07:00:00,6.383944e-07
2023-01-22 11:00:00,8.332773e-06
2023-01-23 01:00:00,9.3193186e-05
2023-01-26 04:00:00,1.7619226e-05
2023-01-30 05:00:00,1.5246019e-06
2023-01-31 20:00:00,2.4358128e-06
2023-02-04 00:00:00,3.687893e-06
2023-02-05 04:00:00,1.9907075e-07
2023-02-06 04:00:00,1.9670459e-05
2023-02-06 10:00:00,0.0001957361
2023-02-06 13:00:00,0.00023398866
2023-02-06 15:00:00,0.00023183697
2023-02-07 08:00:00,0.000112394875
2023-02-08 12:00:00,4.399211e-06
2023-02-09 16:00:00,3.536686e-05
2023-02-09 17:00:00,4.397512e-06
2023-02-10 01:00:00,2.9456447e-05
2023-02-10 23:00:00,9.576329e-06
2023-02-12 22:00:00,2.4374228e-06
2023-02-13 11:00:00,9.577909e-06
2023-02-15 17:00:00,1.090526e-05
2023-02-15 21:00:00,1.965042e-06
2023-02-17 19:00:00,5.223775e-06
2023-02-18 03:00:00,4.3957693e-06
2023-02-18 08:00:00,3.0385859e-06
2023-02-19 06:00:00,2.433728e-06
2023-02-19 16:00:00,1.5760237e-05
2023-02-20 15:00:00,6.363941e-07
2023-02-20 23:00:00,3.03117e-06
2023-02-22 07:00:00,0.00014942014
2023-02-22 08:00:00,0.00023284947
2023-02-23 16:00:00,0.00011917827
2023-02-24 03:00:00,2.805059e-07
2023-02-26 05:00:00,5.2256237e-06
2023-03-02 08:00:00,4.936979e-05
2023-03-02 11:00:00,7.137704e-05
2023-03-03 06:00:00,1.1922565e-06
2023-03-03 08:00:00,4.394819e-06
2023-03-04 08:00:00,1.7611288e-05
2023-03-04 19:00:00,3.0371639e-06
2023-03-06 09:00:00,4.9353905e-05
2023-03-07 04:00:00,1.5762416e-05
2023-03-07 13:00:00,3.2342134e-05
2023-03-07 17:00:00,1.967267e-06
2023-03-10 19:00:00,1.2395515e-05
2023-03-10 22:00:00,6.167777e-06
2023-03-11 20:00:00,4.94083e-05
2023-03-12 22:00:00,9.574252e-06
2023-03-13 06:00:00,2.4323906e-06
2023-03-13 12:00:00,4.195042e-05
2023-03-14 20:00:00,6.3725537e-07
2023-03-16 19:00:00,6.368906e-07
2023-03-17 10:00:00,7.207564e-06
2023-03-17 15:00:00,3.5358433e-05
2023-03-17 18:00:00,9.573488e-06
2023-03-17 21:00:00,1.5740676e-05
2023-03-19 12:00:00,2.18562e-05
2023-03-19 21:00:00,6.1613805e-06
2023-03-24 00:00:00,3.533059e-05
2023-03-24 22:00:00,1.2389759e-05
2023-03-26 08:00:00,1.08918e-05
2023-03-28 23:00:00,2.4337294e-06
2023-03-30 04:00:00,3.0365097e-06
2023-03-30 07:00:00,1.0902209e-05
2023-04-02 23:00:00,2.4345718e-06
2023-04-04 03:00:00,4.5571098e-05
2023-04-05 00:00:00,1.9617853e-06
2023-04-06 06:00:00,1.0902005e-05
2023-04-07 02:00:00,2.4326032e-06
2023-04-08 21:00:00,3.034674e-06
2023-04-09 08:00:00,1.08828274e-07
2023-04-10 07:00:00,2.430334e-06
2023-04-11 03:00:00,9.118222e-07
2023-04-11 09:00:00,2.4365352e-06
2023-04-12 00:00:00,1.5167645e-06
2023-04-13 18:00:00,5.3352058e-05
2023-04-14 22:00:00,3.0331723e-06
2023-04-15 22:00:00,1.9640806e-06
2023-04-16 06:00:00,2.784852e-07
2023-04-17 23:00:00,7.2127e-06
2023-04-18 02:00:00,1.23855825e-05
2023-04-18 23:00:00,6.185857e-05
2023-04-19 04:00:00,1.4020584e-05
2023-04-19 07:00:00,4.560245e-05
2023-04-20 21:00:00,1.2387225e-05
2023-04-21 21:00:00,3.034405e-06
2023-04-22 06:00:00,1.964034e-06
2023-04-23 08:00:00,6.336122e-07
2023-04-24 04:00:00,1.9636482e-07
2023-04-25 23:00:00,6.325238e-07
2023-04-26 11:00:00,2.946932e-05
2023-04-26 23:00:00,1.1846092e-06
2023-04-29 11:00:00,9.577987e-06
2023-04-30 13:00:00,7.6538985e-05
2023-04-30 22:00:00,1.0893374e-05
2023-05-01 23:00:00,6.184516e-05
2023-05-03 10:00:00,3.236005e-05
2023-05-03 20:00:00,5.75099e-05
2023-05-05 08:00:00,6.183579e-05
2023-05-06 18:00:00,1.5743548e-05
2023-05-10 12:00:00,3.8503047e-05
2023-05-10 18:00:00,4.941106e-05
2023-05-11 15:00:00,3.0354438e-06
2023-05-11 20:00:00,1.965287e-06
2023-05-14 08:00:00,7.6658434e-05
2023-05-16 05:00:00,1.9640684e-06
2023-05-16 12:00:00,2.4169045e-05
2023-05-16 22:00:00,1.761718e-05
2023-05-18 12:00:00,0.00010589117
2023-05-18 19:00:00,1.7626553e-05
2023-05-19 04:00:00,1.0894444e-05
2023-05-21 02:00:00,1.5221635e-06
2023-05-22 03:00:00,1.1841686e-06
2023-05-22 12:00:00,2.4164627e-05
2023-05-22 18:00:00,4.1924737e-05
2023-05-23 00:00:00,6.158876e-06
2023-05-25 00:00:00,1.2383139e-05
2023-05-25 09:00:00,3.0332976e-06
2023-05-26 18:00:00,1.9678195e-05
2023-05-27 09:00:00,1.2389661e-05
2023-05-30 08:00:00,6.1483765e-06
2023-05-30 16:00:00,7.14474e-05
2023-05-30 22:00:00,6.1833394e-05
2023-05-31 08:00:00,0.000105929044
2023-05-31 12:00:00,6.6576584e-05
2023-05-31 19:00:00,2.6776375e-05
2023-06-03 10:00:00,1.9640754e-06
2023-06-04 17:00:00,3.2377688e-05
2023-06-05 15:00:00,0.00023201882
2023-06-07 21:00:00,1.0887097e-05
2023-06-08 18:00:00,3.2356813e-05
2023-06-13 04:00:00,7.211774e-06
2023-06-15 01:00:00,9.569282e-06
2023-06-16 03:00:00,7.208459e-06
2023-06-19 06:00:00,2.4318317e-06
2023-06-19 18:00:00,9.9334924e-05
2023-06-19 19:00:00,3.2348235e-05
2023-06-20 15:00:00,2.183172e-05
2023-06-21 07:00:00,1.7623759e-05
2023-06-22 04:00:00,4.3892064e-06
2023-06-22 18:00:00,2.9471847e-05
2023-06-23 02:00:00,3.53727e-05
2023-06-24 01:00:00,2.1837017e-05
2023-06-25 13:00:00,1.4024133e-05
2023-06-26 11:00:00,2.416571e-05
2023-06-29 12:00:00,1.9622082e-06
2023-06-30 07:00:00,3.0320773e-06
2023-06-30 13:00:00,2.4380274e-06
2023-07-06 21:00:00,9.576959e-06
2023-07-08 03:00:00,4.2107422e-07
2023-07-08 15:00:00,1.7638633e-05
2023-07-08 20:00:00,1.2402077e-05
2023-07-09 01:00:00,6.286253e-07
2023-07-09 05:00:00,2.7699696e-07
2023-07-11 07:00:00,4.3937007e-06
2023-07-11 14:00:00,2.1834943e-05
2023-07-12 09:00:00,5.2256537e-06
2023-07-13 18:00:00,2.4204415e-05
2023-07-14 14:00:00,4.939931e-05
2023-07-21 04:00:00,3.0316041e-06
2023-07-21 13:00:00,1.0907262e-05
2023-07-22 01:00:00,9.577723e-06
2023-07-23 04:00:00,3.5396813e-05
2023-07-23 22:00:00,2.6753985e-05
2023-07-24 20:00:00,2.1831742e-05
2023-07-28 18:00:00,4.9379665e-05
2023-07-31 04:00:00,4.1940955e-05
2023-08-01 03:00:00,1.1881506e-06
2023-08-01 06:00:00,8.332111e-06
2023-08-01 16:00:00,5.336453e-05
2023-08-01 21:00:00,2.4177922e-05
2023-08-03 03:00:00,2.4329909e-06
2023-08-03 08:00:00,8.331422e-06
2023-08-04 16:00:00,2.4173054e-05
2023-08-04 17:00:00,1.968546e-05
2023-08-04 22:00:00,4.392593e-06
2023-08-06 17:00:00,0.00017189984
2023-08-06 20:00:00,8.194654e-05
2023-08-07 07:00:00,3.536259e-05
2023-08-09 02:00:00,1.0885371e-05
2023-08-10 07:00:00,7.2074013e-06
2023-08-10 15:00:00,7.143362e-05
2023-08-12 20:00:00,1.4012683e-05
2023-08-14 00:00:00,7.2100515e-06
2023-08-14 08:00:00,1.186908e-06
2023-08-14 19:00:00,1.2386353e-05
2023-08-15 08:00:00,8.339971e-06
2023-08-16 00:00:00,4.395648e-06
2023-08-16 09:00:00,1.5732572e-05
2023-08-16 21:00:00,1.9668949e-05
2023-08-18 09:00:00,8.187372e-05
2023-08-18 23:00:00,3.6797435e-06
2023-08-19 20:00:00,4.939654e-05
2023-08-20 19:00:00,0.00031804497
2023-08-21 07:00:00,3.0304413e-06
2023-08-23 01:00:00,1.5133572e-06
2023-08-23 10:00:00,1.9524221e-07
2023-08-27 01:00:00,1.1829136e-06
2023-08-27 16:00:00,3.2377324e-05
2023-08-31 22:00:00,4.1953383e-05
2023-09-01 10:00:00,7.1472205e-05
2023-09-02 16:00:00,2.1850889e-05
2023-09-02 19:00:00,1.9630997e-06
2023-09-04 22:00:00,2.4312196e-06
2023-09-07 04:00:00,1.1839106e-06
2023-09-08 13:00:00,2.434949e-06
2023-09-09 05:00:00,1.958941e-06
2023-09-10 05:00:00,3.0277743e-06
2023-09-10 13:00:00,7.6556615e-05
2023-09-10 16:00:00,3.5335965e-05
2023-09-10 20:00:00,8.333036e-06
2023-09-11 05:00:00,3.681292e-06
2023-09-12 03:00:00,3.0260187e-06
2023-09-12 07:00:00,1.9691186e-07
2023-09-12 15:00:00,3.849658e-05
2023-09-12 20:00:00,1.2403479e-05
2023-09-13 18:00:00,6.326427e-07
2023-09-14 03:00:00,1.5194906e-06
2023-09-17 19:00:00,8.328848e-06
2023-09-18 11:00:00,3.6906265e-06
2023-09-19 12:00:00,9.572466e-06
2023-09-20 14:00:00,3.8507682e-05
2023-09-21 17:00:00,1.2393496e-05
2023-09-21 18:00:00,7.2133334e-06
2023-09-24 18:00:00,9.088008e-07
2023-09-25 01:00:00,3.6848198e-06
2023-09-25 23:00:00,1.4014269e-05
2023-09-26 04:00:00,8.3350305e-06
2023-09-26 13:00:00,1.0901163e-05
2023-09-27 09:00:00,1.1888284e-06
2023-09-27 19:00:00,2.4330714e-06
2023-09-28 11:00:00,6.1532974e-06
2023-10-02 15:00:00,1.7610068e-05
2023-10-02 20:00:00,1.9641552e-06
2023-10-04 04:00:00,3.6858787e-06
2023-10-04 08:00:00,2.4179217e-05
2023-10-05 19:00:00,3.0345489e-06
2023-10-07 20:00:00,2.4327096e-06
2023-10-09 03:00:00,1.5167893e-06
2023-10-09 12:00:00,4.397981e-06
2023-10-09 14:00:00,6.1634632e-06
2023-10-09 22:00:00,4.3949467e-06
2023-10-13 03:00:00,3.0331169e-06
2023-10-13 14:00:00,6.154833e-06
2023-10-14 20:00:00,2.4315566e-06
2023-10-17 11:00:00,1.961664e-06
2023-10-20 04:00:00,3.0302133e-06
2023-10-23 02:00:00,4.196374e-05
2023-10-23 17:00:00,1.2401662e-05
2023-10-24 00:00:00,1.0895988e-05
2023-10-24 21:00:00,1.9632469e-06
2023-10-29 11:00:00,0.00027424967
2023-11-02 11:00:00,1.9630888e-06
2023-11-03 10:00:00,7.2186367e-06
2023-11-03 14:00:00,2.7852738e-07
2023-11-04 18:00:00,1.187085e-06
2023-11-04 21:00:00,3.031574e-06
2023-11-05 07:00:00,3.0327078e-06
2023-11-05 15:00:00,1.965567e-06
2023-11-05 19:00:00,4.2705014e-07
2023-11-06 05:00:00,1.1872422e-06
2023-11-06 06:00:00,1.1872831e-06
2023-11-07 05:00:00,1.5214855e-06
2023-11-07 12:00:00,7.654473e-05
2023-11-07 20:00:00,7.148295e-05
2023-11-07 23:00:00,4.9385886e-05
2023-11-09 18:00:00,9.577916e-06
2023-11-10 00:00:00,2.6761429e-05
2023-11-10 12:00:00,2.1855298e-05
2023-11-11 12:00:00,2.4191657e-05
2023-11-11 18:00:00,2.4343688e-06
2023-11-13 20:00:00,7.229953e-08
2023-11-14 04:00:00,2.4317017e-06
2023-11-15 09:00:00,7.2114776e-06
2023-11-16 20:00:00,2.819247e-07
2023-11-16 21:00:00,2.7994457e-07
2023-11-17 13:00:00,4.3980053e-06
2023-11-18 12:00:00,3.851657e-05
2023-11-19 21:00:00,3.5359986e-05
2023-11-21 22:00:00,6.1581122e-06
2023-11-22 13:00:00,1.9683834e-05
2023-11-27 21:00:00,8.336757e-06
2023-11-29 08:00:00,3.0354415e-06
2023-11-30 05:00:00,1.964198e-06
2023-12-01 01:00:00,2.430043e-06
2023-12-02 04:00:00,2.8257563e-07
2023-12-03 21:00:00,2.4357757e-06
2023-12-04 03:00:00,3.033888e-06
2023-12-06 02:00:00,4.394925e-06
2023-12-07 19:00:00,3.6915653e-06
2023-12-09 09:00:00,0.00013353804
2023-12-09 21:00:00,2.9488552e-05
2023-12-10 03:00:00,2.1867436e-05
2023-12-10 19:00:00,3.6925794e-06
2023-12-15 15:00:00,2.6753243e-05
2023-12-17 02:00:00,7.2151406e-06
2023-12-17 05:00:00,8.334495e-06
2023-12-18 01:00:00,2.4293154e-06
2023-12-18 05:00:00,1.9643799e-06
2023-12-18 14:00:00,1.5226572e-06
2023-12-19 20:00:00,9.1324006e-07
2023-12-21 21:00:00,3.6898991e-06
2023-12-23 16:00:00,9.182026e-07
2023-12-25 11:00:00,3.6890729e-06
2023-12-28 11:00:00,1.0901904e-05
2023-12-30 06:00:00,6.3988074e-07
